old_index,beds,longitude,latitude,mean_neighbor_price
5,4,-122.50919,37.776695,2203333.333
7,3,-122.50909,37.75958,1389666.667
9,4,-122.509056,37.75801,2110000
15,3,-122.50904,37.774418,1526666.667
17,2,-122.50902,37.758636,1476666.667
23,2,-122.50898,37.77368,1036333.333
46,3,-122.50837,37.752396,1609666.667
57,3,-122.50827,37.778465,2205466.667
62,5,-122.50825,37.777084,2793666.667
63,2,-122.50824,37.75144,1416666.667
70,2,-122.50816,37.761627,1370166.667
75,3,-122.508125,37.776707,2205466.667
102,3,-122.50788,37.78049,2218333.333
153,3,-122.50743,37.777122,2205466.667
174,3,-122.507256,37.748543,1213333.333
188,5,-122.507164,37.778217,2793666.667
206,4,-122.50702,37.780766,2253333.333
210,2,-122.506996,37.775932,1758333.333
219,3,-122.50693,37.7593,1389666.667
229,3,-122.50685,37.77375,1526666.667
230,3,-122.50685,37.773876,1526666.667
233,2,-122.506805,37.773098,948000
235,2,-122.5068,37.773163,948000
252,3,-122.50672,37.75103,1609666.667
255,2,-122.50672,37.77201,948000
264,2,-122.506645,37.755444,1208566.667
272,4,-122.50656,37.751038,1650000
333,3,-122.50606,37.747013,1423333.333
348,2,-122.506,37.776817,1650000
351,3,-122.50598,37.761086,1431666.667
363,3,-122.50595,37.754818,1390000
380,3,-122.505905,37.775536,1520000
385,2,-122.50588,37.74432,1123380
387,4,-122.50588,37.75986,2110000
391,2,-122.505875,37.75973,1406666.667
395,2,-122.50587,37.744255,1123380
401,2,-122.50584,37.75922,1406666.667
406,3,-122.505806,37.743286,1382666.667
469,3,-122.50546,37.738407,1310000
488,4,-122.505325,37.73647,1506600
490,3,-122.5053,37.751404,1333333.333
510,3,-122.50505,37.74803,1423333.333
513,3,-122.50504,37.747707,1423333.333
523,2,-122.505005,37.773487,1371666.667
536,2,-122.50497,37.76209,1333500
549,4,-122.5049,37.74578,1853333.333
553,3,-122.504875,37.776096,1560000
566,4,-122.50478,37.775063,1800000
582,3,-122.50472,37.743332,1382666.667
583,2,-122.50472,37.7742,1480000
586,2,-122.5047,37.73989,1011666.667
615,3,-122.504585,37.73617,1235000
650,4,-122.50431,37.75264,1493333.333
660,3,-122.50421,37.751358,1433333.333
686,4,-122.50399,37.763477,1938333.333
690,2,-122.503975,37.778664,1528333.333
693,3,-122.50395,37.773533,1483333.333
695,4,-122.503944,37.762844,1938333.333
707,3,-122.50387,37.761818,1450666.667
715,2,-122.50382,37.745766,906666.6667
717,2,-122.503815,37.77653,1528333.333
719,2,-122.50379,37.745403,906666.6667
720,2,-122.50379,37.745403,906666.6667
724,4,-122.50378,37.775955,1543333.333
729,2,-122.50375,37.760017,1386666.667
746,2,-122.50368,37.74354,980046.6667
779,3,-122.50354,37.772736,1483333.333
780,2,-122.50353,37.741444,1011666.667
786,4,-122.5035,37.77219,1803333.333
787,3,-122.50349,37.740997,1419333.333
797,2,-122.50344,37.75117,1221666.667
804,2,-122.50339,37.754776,1183887.333
812,3,-122.50332,37.738503,1295000
827,2,-122.50321,37.75227,1166666.667
835,3,-122.50311,37.76242,1390666.667
840,3,-122.50306,37.74999,1400000
847,2,-122.50304,37.74967,1280333.333
895,3,-122.50276,37.77664,1560000
912,2,-122.50268,37.760033,1313333.333
932,2,-122.50255,37.773945,1503333.333
952,4,-122.50247,37.772655,1730000
953,2,-122.50246,37.741425,1011666.667
979,3,-122.50228,37.75433,1346666.667
990,3,-122.50224,37.754013,1346666.667
1004,3,-122.50216,37.752735,1386633.333
1005,3,-122.50215,37.737194,1195000
1011,3,-122.50212,37.75222,1386633.333
1033,5,-122.50197,37.749847,1666666.667
1060,4,-122.50177,37.74377,1560000
1070,3,-122.50168,37.745857,1595237
1091,3,-122.501564,37.759666,1311666.667
1109,2,-122.50145,37.773342,1503333.333
1133,2,-122.50129,37.755733,1167220.667
1134,2,-122.501274,37.753143,1183333.333
1135,2,-122.50127,37.781258,1636666.667
1142,2,-122.50122,37.754696,1167220.667
1143,2,-122.501205,37.738976,1101666.667
1145,3,-122.501205,37.754253,1346666.667
1149,4,-122.50118,37.779285,1950000
1157,3,-122.501076,37.75265,1386633.333
1186,3,-122.500916,37.750404,1420000
1196,2,-122.50085,37.745686,1386666.667
1197,2,-122.500824,37.748924,1338666.667
1205,2,-122.50076,37.76355,1196833.333
1228,5,-122.500626,37.761578,1917333.333
1231,3,-122.50062,37.761257,1253333.333
1234,3,-122.500595,37.760937,1253333.333
1237,3,-122.50058,37.760937,1253333.333
1250,4,-122.50053,37.740078,1556600
1259,3,-122.500496,37.759518,1311666.667
1260,2,-122.500496,37.759583,1292666.667
1271,3,-122.50042,37.758644,1315000
1274,3,-122.50041,37.758358,1315000
1275,4,-122.50041,37.774174,1730000
1283,2,-122.50035,37.742172,1045000
1293,3,-122.500305,37.741524,1357000
1321,2,-122.5002,37.73995,1228333.333
1323,2,-122.5002,37.755524,1128887.333
1327,3,-122.50016,37.739532,1340333.333
1342,2,-122.50002,37.77746,1418333.333
1358,5,-122.49989,37.735817,1666666.667
1360,3,-122.499855,37.75045,1386666.667
1376,2,-122.49963,37.74717,1386666.667
1389,5,-122.49957,37.777172,2795833.333
1391,4,-122.499565,37.74621,1746666.667
1408,2,-122.499466,37.76021,1292666.667
1432,4,-122.49933,37.78135,2041666.667
1461,2,-122.499146,37.755573,1098333.333
1472,2,-122.49905,37.754223,1191666.667
1495,2,-122.49876,37.74578,1131666.667
1497,2,-122.49874,37.7805,1485000
1540,2,-122.49839,37.745033,1131666.667
1542,2,-122.49837,37.744522,1093333.333
1543,4,-122.49837,37.744713,1746666.667
1545,4,-122.49835,37.744522,1746666.667
1546,2,-122.49835,37.759808,1326000
1553,2,-122.498314,37.7591,1326000
1558,2,-122.4983,37.755135,1191666.667
1579,2,-122.498116,37.756523,1154583.333
1597,5,-122.497955,37.78049,2360500
1599,3,-122.49795,37.75389,1498333.333
1610,4,-122.49784,37.73719,1664933.333
1611,3,-122.49784,37.752537,1411666.667
1626,3,-122.49774,37.745823,1477424.667
1645,3,-122.49755,37.763695,1451000
1647,3,-122.49754,37.758915,1346870.333
1666,3,-122.49738,37.740215,1306000
1676,2,-122.49732,37.74489,1093333.333
1691,3,-122.49728,37.744507,1477424.667
1733,3,-122.49702,37.73131,1613000
1740,3,-122.496956,37.73974,1306000
1743,3,-122.49695,37.739677,1306000
1747,3,-122.49694,37.75483,1498333.333
1751,3,-122.4969,37.738976,1322666.667
1769,3,-122.49679,37.75148,1305000
1770,2,-122.49679,37.752586,1310000
1783,2,-122.49669,37.73595,1218333.333
1798,3,-122.496574,37.730415,1651333.333
1800,3,-122.49657,37.773872,1791666.667
1814,4,-122.49644,37.76291,1892666.667
1821,3,-122.49632,37.776875,1685000
1829,5,-122.49626,37.760414,1833333.333
1832,3,-122.496254,37.74519,1477424.667
1835,4,-122.49624,37.758984,1892666.667
1845,4,-122.49619,37.73147,1700000
1847,2,-122.496185,37.759323,1373333.333
1909,3,-122.49548,37.780186,1571666.667
1919,4,-122.495384,37.778667,1933333.333
1923,3,-122.49535,37.732796,1698000
1925,4,-122.49535,37.778214,1933333.333
1930,3,-122.49534,37.778152,1571666.667
1935,2,-122.49525,37.742184,1216666.667
1942,6,-122.49516,37.76027,2333416.333
1946,2,-122.49514,37.744408,1216666.667
1950,2,-122.49513,37.759884,1446666.667
1989,4,-122.49492,37.772358,2570000
2006,5,-122.494736,37.754227,1750000
2009,5,-122.49469,37.733955,1666666.667
2011,3,-122.49466,37.73746,1416666.667
2018,3,-122.49459,37.7521,1209333.333
2029,3,-122.49436,37.731876,1698000
2035,4,-122.49434,37.7485,1609166.667
2040,3,-122.494316,37.748245,1329333.333
2041,2,-122.494316,37.76339,1475333.333
2068,3,-122.49418,37.761414,1661666.667
2075,4,-122.494125,37.745476,1551666.667
2097,4,-122.493996,37.774467,2570000
2101,2,-122.493965,37.75832,1556666.667
2122,3,-122.493835,37.75347,1209333.333
2139,2,-122.49369,37.754593,1275000
2147,2,-122.49357,37.752663,1193000
2158,2,-122.49346,37.75118,1159666.667
2163,2,-122.49344,37.751053,1159666.667
2169,4,-122.49339,37.774017,2570000
2186,4,-122.49324,37.76357,1885000
2187,4,-122.49323,37.77889,1933333.333
2191,3,-122.49322,37.76319,1552666.667
2200,4,-122.49318,37.74726,1642500
2201,2,-122.49318,37.778053,1308333.333
2208,3,-122.49314,37.74675,1329333.333
2213,2,-122.49311,37.761524,1420333.333
2233,5,-122.492966,37.759594,1833333.333
2235,5,-122.492966,37.75966,1833333.333
2243,5,-122.49293,37.75351,1750000
2244,2,-122.49291,37.75888,1581666.667
2267,3,-122.49278,37.757015,1536666.667
2268,3,-122.492775,37.75165,1209333.333
2298,3,-122.49263,37.73929,1533333.333
2299,4,-122.49263,37.73929,1618333.333
2301,4,-122.49263,37.739418,1618333.333
2305,2,-122.492615,37.754578,1191666.667
2313,4,-122.49259,37.784786,3383333.333
2316,4,-122.492584,37.78449,3383333.333
2344,2,-122.49245,37.752003,1193000
2362,2,-122.49234,37.75046,1218333.333
2365,3,-122.49234,37.775948,1698333.333
2369,2,-122.49232,37.750336,1218333.333
2376,2,-122.49228,37.780476,1300000
2382,2,-122.49221,37.764244,1475333.333
2396,2,-122.49214,37.763176,1475333.333
2431,2,-122.492,37.745506,1245000
2443,2,-122.49194,37.775684,1296666.667
2458,5,-122.49188,37.77482,2141666.667
2473,3,-122.4918,37.77385,1698333.333
2482,3,-122.49177,37.75771,1569000
2488,2,-122.491714,37.75706,1451666.667
2500,4,-122.49161,37.739975,1618333.333
2510,3,-122.49154,37.73343,1545000
2532,2,-122.49142,37.752823,1243333.333
2567,4,-122.49127,37.750572,1625833.333
2584,3,-122.49116,37.76436,1472666.667
2585,5,-122.49116,37.76436,1783333.333
2591,4,-122.49112,37.74845,1500000
2616,3,-122.49097,37.746395,1302666.667
2620,2,-122.49097,37.76162,1445000
2637,3,-122.49085,37.7602,1710666.667
2639,2,-122.490845,37.759815,1518333.333
2646,4,-122.49083,37.744473,1401666.667
2652,5,-122.4908,37.774868,2141666.667
2669,2,-122.49063,37.75698,1352000
2687,2,-122.49053,37.740215,1085166.667
2699,3,-122.49045,37.754353,1356666.667
2701,3,-122.4904,37.738457,1620000
2728,2,-122.49011,37.749393,1075675.667
2731,2,-122.490105,37.749332,1075675.667
2777,3,-122.48981,37.734756,1450000
2778,2,-122.48979,37.775814,1330000
2783,3,-122.48977,37.775494,1841666.667
2785,4,-122.489746,37.75948,1811000
2790,3,-122.48972,37.737988,1620000
2837,2,-122.48949,37.755882,1348666.667
2855,2,-122.48938,37.754337,1228000
2859,4,-122.489334,37.784233,3416666.667
2863,4,-122.48931,37.78409,3416666.667
2870,2,-122.48926,37.783157,1316666.667
2874,4,-122.489235,37.735264,1716666.667
2883,3,-122.48918,37.731228,1646666.667
2885,2,-122.48917,37.746193,1168333.333
2915,4,-122.48896,37.779205,1676666.667
2919,3,-122.48892,37.763317,1480000
2922,4,-122.488914,37.747704,1642666.667
2951,3,-122.48886,37.74713,1321666.667
2972,4,-122.48872,37.775734,2053333.333
2978,4,-122.488686,37.744564,1644333.333
2980,3,-122.488686,37.775288,1941666.667
2982,3,-122.488655,37.737736,1620000
3001,4,-122.48858,37.773804,2068333.333
3009,3,-122.48851,37.773037,1843889.333
3013,2,-122.48848,37.772587,1346666.667
3016,2,-122.48847,37.741535,1077166.667
3022,4,-122.48846,37.78717,3150000
3042,3,-122.48832,37.73929,1613333.333
3045,5,-122.488304,37.785946,4750000
3051,4,-122.48828,37.73853,1783333.333
3060,2,-122.48823,37.75322,1127666.667
3066,3,-122.48817,37.731045,1646666.667
3069,2,-122.48815,37.74624,1168333.333
3077,3,-122.48808,37.750988,1261666.667
3079,2,-122.48807,37.732697,1380000
3082,3,-122.48806,37.732628,1543333.333
3092,3,-122.488,37.731556,1646666.667
3109,3,-122.48785,37.77874,1758333.333
3114,3,-122.48782,37.747433,1426666.667
3121,2,-122.48781,37.762783,1460333.333
3134,3,-122.487755,37.746475,1423333.333
3139,3,-122.48774,37.777073,1608333.333
3145,2,-122.487686,37.738792,1198500
3149,2,-122.48766,37.75748,1466666.667
3179,5,-122.48748,37.742683,1953333.333
3191,2,-122.487434,37.753754,1137666.667
3194,3,-122.48743,37.75706,1378333.333
3197,4,-122.48742,37.772766,2135000
3205,2,-122.487404,37.741585,1042000
3244,3,-122.48722,37.75424,1383333.333
3270,4,-122.48707,37.782776,3416666.667
3274,2,-122.487045,37.75166,1104333.333
3278,2,-122.486984,37.735077,1376666.667
3287,2,-122.486946,37.750313,1237666.667
3290,2,-122.486885,37.74941,1237666.667
3304,3,-122.48678,37.778736,1758333.333
3305,3,-122.48677,37.778576,1758333.333
3311,4,-122.48674,37.734333,1650000
3319,3,-122.486725,37.747097,1423333.333
3320,3,-122.486725,37.762573,1536666.667
3327,2,-122.48669,37.757534,1466666.667
3329,2,-122.48668,37.74665,1240000
3330,2,-122.48668,37.777153,1305000
3336,4,-122.48665,37.776897,1919000
3340,4,-122.48662,37.745552,1626000
3342,3,-122.48662,37.745743,1670000
3353,2,-122.48657,37.744915,1326666.667
3360,2,-122.48656,37.744915,1326666.667
3364,3,-122.48654,37.78568,3326250
3380,2,-122.48642,37.757946,1466666.667
3385,4,-122.48638,37.785686,3150000
3391,2,-122.48635,37.733246,1380000
3396,3,-122.48632,37.756786,1543333.333
3416,3,-122.48624,37.731827,1606000
3418,3,-122.48624,37.74021,1703333.333
3436,2,-122.486176,37.75454,1301666.667
3444,4,-122.486145,37.75008,1636500
3497,3,-122.48563,37.762238,1595000
3502,2,-122.48557,37.74595,1296666.667
3506,2,-122.48556,37.77656,1305000
3547,2,-122.485344,37.73691,1303333.333
3552,4,-122.48532,37.773247,2135000
3563,2,-122.485275,37.787464,1440000
3568,2,-122.48525,37.7569,1420000
3569,3,-122.48525,37.78708,3326250
3583,3,-122.48517,37.740196,1703333.333
3600,2,-122.48512,37.75504,1365000
3622,5,-122.48498,37.788937,4750000
3631,3,-122.4848,37.759487,1471296
3638,5,-122.484695,37.764137,2432000
3641,4,-122.48464,37.77895,1819000
3660,5,-122.48456,37.762188,2432000
3677,2,-122.48449,37.740784,1116666.667
3680,3,-122.48446,37.74539,1676000
3682,3,-122.48445,37.73136,1746000
3686,3,-122.484436,37.760452,1471296
3691,2,-122.48438,37.744297,1300000
3692,3,-122.48436,37.75929,1471296
3703,2,-122.48427,37.758,1403333.333
3710,3,-122.484215,37.772976,1852666.667
3724,5,-122.484116,37.78669,4750000
3729,2,-122.4841,37.740242,1116666.667
3733,3,-122.4841,37.786236,3208957.333
3740,2,-122.48404,37.7651,1555000
3743,3,-122.48402,37.754635,1611666.667
3771,3,-122.48371,37.780743,1749166.667
3783,4,-122.483604,37.731815,1901666.667
3784,3,-122.483604,37.77944,1749166.667
3805,5,-122.48352,37.74756,1923333.333
3824,2,-122.48337,37.760532,1319000
3838,3,-122.4833,37.783955,2282707.333
3860,4,-122.48313,37.74177,1810666.667
3871,3,-122.483086,37.756676,1611666.667
3876,2,-122.48303,37.740353,1116666.667
3897,3,-122.482864,37.733856,1803333.333
3908,4,-122.48273,37.731995,1901666.667
3917,2,-122.48251,37.76145,1269000
3924,3,-122.48248,37.778603,1822500
3962,2,-122.48227,37.75585,1398333.333
3978,4,-122.482216,37.744263,1953333.333
3980,2,-122.4822,37.743813,1360000
3989,2,-122.482155,37.75852,1501666.667
3990,2,-122.482155,37.758778,1501666.667
3991,3,-122.48214,37.774033,1852666.667
4013,5,-122.48198,37.756214,2506000
4014,4,-122.48198,37.786686,3975000
4024,3,-122.481926,37.755436,1611666.667
4029,2,-122.48191,37.73285,1513333.333
4033,3,-122.48188,37.785385,2274374
4037,3,-122.48186,37.732113,1653333.333
4040,3,-122.48185,37.78491,2274374
4046,4,-122.48182,37.73168,1901666.667
4050,4,-122.4818,37.778297,2016666.667
4065,3,-122.48152,37.734955,1803333.333
4072,4,-122.48147,37.76434,2465000
4073,4,-122.48147,37.76434,2465000
4079,1,-122.48142,37.76371,1850000
4089,4,-122.48136,37.77813,2016666.667
4091,3,-122.48135,37.778004,1741833.333
4094,2,-122.481346,37.76243,1438666.667
4100,3,-122.48134,37.772705,1852666.667
4101,4,-122.48133,37.777493,2016666.667
4126,3,-122.48115,37.785915,2274374
4155,3,-122.48095,37.731915,1653333.333
4157,3,-122.480934,37.731533,1653333.333
4164,3,-122.48089,37.740643,1448333.333
4191,2,-122.480705,37.753426,1483333.333
4200,3,-122.48067,37.752655,1656666.667
4208,2,-122.480644,37.752464,1483333.333
4210,2,-122.480606,37.751816,1433333.333
4217,4,-122.48055,37.751175,1843166.667
4226,5,-122.48047,37.75001,1856666.667
4234,2,-122.48042,37.764507,1648333.333
4237,4,-122.48042,37.77462,2391666.667
4240,2,-122.4804,37.749054,1175000
4252,4,-122.480286,37.762794,2465000
4274,2,-122.48008,37.73197,1513333.333
4278,4,-122.480064,37.7751,2391666.667
4284,2,-122.479996,37.758423,1501666.667
4326,2,-122.4797,37.784847,1493333.333
4329,2,-122.47967,37.73825,1203333.333
4332,4,-122.47966,37.738056,1966666.667
4347,3,-122.47956,37.782986,2087707.333
4355,2,-122.47948,37.75103,1283333.333
4361,3,-122.47938,37.74961,1422000
4377,2,-122.47922,37.762714,1528333.333
4380,4,-122.47922,37.778034,2116666.667
4385,3,-122.4792,37.777843,1836000
4389,2,-122.47919,37.76246,1528333.333
4404,3,-122.47906,37.745243,1510000
4455,2,-122.47835,37.750202,1250000
4460,3,-122.47829,37.744804,1510000
4466,3,-122.478195,37.74824,1366666.667
4473,2,-122.47816,37.747665,1241666.667
4475,3,-122.47815,37.74741,1550000
4477,2,-122.47813,37.756046,1486666.667
4482,3,-122.47808,37.777126,1786000
4500,3,-122.47791,37.733707,1614629.333
4504,3,-122.477905,37.75922,1273333.333
4516,5,-122.477806,37.742424,1962666.667
4550,3,-122.47753,37.753914,1459600
4552,2,-122.47753,37.784657,1493333.333
4571,4,-122.47742,37.78302,2297408
4572,3,-122.4774,37.748592,1391666.667
4577,2,-122.4773,37.750614,1250000
4583,3,-122.477234,37.749706,1335000
4597,3,-122.477196,37.71492,1623333.333
4614,3,-122.47709,37.74762,1441666.667
4628,3,-122.477005,37.741116,1246666.667
4644,2,-122.47689,37.77573,1653333.333
4655,3,-122.47669,37.74196,1246666.667
4664,3,-122.47658,37.755287,1359600
4670,3,-122.476524,37.75694,1321666.667
4689,3,-122.476395,37.737686,1775000
4708,4,-122.47623,37.781433,2297408
4711,2,-122.47621,37.78118,1528333.333
4715,4,-122.47613,37.772945,2269715.333
4737,2,-122.476006,37.778248,1653333.333
4740,3,-122.476,37.732185,1931296
4746,3,-122.47594,37.777225,1857333.333
4763,4,-122.475746,37.759125,1649333.333
4778,3,-122.47565,37.754284,1517933.333
4779,3,-122.47565,37.754284,1517933.333
4794,3,-122.47548,37.74134,1246666.667
4814,3,-122.475334,37.753147,1517933.333
4832,6,-122.47514,37.73383,2451666.667
4837,5,-122.47511,37.749992,1755000
4853,4,-122.47505,37.749096,1832666.667
4854,4,-122.47505,37.74929,1832666.667
4855,4,-122.475044,37.758087,1886666.667
4860,3,-122.475,37.73427,1636666.667
4865,2,-122.47496,37.74774,1520000
4876,2,-122.4749,37.756176,1558333.333
4879,2,-122.47489,37.76223,1293333.333
4892,4,-122.4748,37.77637,2046666.667
4918,4,-122.47468,37.784344,2817074.667
4927,3,-122.47465,37.77431,1825666.667
4935,5,-122.47459,37.78436,3161666.667
4941,2,-122.47456,37.7577,1558333.333
4944,2,-122.47453,37.720642,1228333.333
4958,5,-122.47451,37.756775,2001666.667
4967,3,-122.47444,37.75596,1321666.667
4986,3,-122.47432,37.7386,1786666.667
4987,3,-122.47431,37.738537,1786666.667
4997,2,-122.47427,37.738018,1683333.333
5018,3,-122.474174,37.751938,1710000
5020,3,-122.47417,37.78317,2046666.667
5022,2,-122.47416,37.751682,1429000
5032,3,-122.47411,37.75101,1778333.333
5037,4,-122.47408,37.727825,2103504.333
5048,3,-122.474014,37.73312,1596000
5054,4,-122.474,37.76188,1649333.333
5059,3,-122.47395,37.764454,1721666.667
5070,3,-122.47388,37.747826,1602666.667
5090,3,-122.473755,37.777676,1825666.667
5096,3,-122.47374,37.76136,1721666.667
5103,4,-122.47373,37.777134,2046666.667
5113,3,-122.47366,37.72094,1940000
5143,6,-122.47358,37.78627,2791666.667
5181,3,-122.47329,37.73927,1786666.667
5194,3,-122.473206,37.727707,2233333.333
5197,4,-122.473206,37.75368,1877666.667
5199,4,-122.4732,37.733414,2375337.667
5204,4,-122.47319,37.730335,2223004.333
5210,4,-122.47316,37.78489,2833741.333
5219,3,-122.47309,37.750656,1820000
5232,3,-122.47296,37.74878,1523333.333
5236,4,-122.47293,37.749706,1832666.667
5248,2,-122.47287,37.744297,1495000
5254,3,-122.472855,37.744293,1716666.667
5257,3,-122.47285,37.748478,1486000
5270,3,-122.47277,37.747486,1602666.667
5278,2,-122.47268,37.762264,1293333.333
5281,3,-122.472626,37.73546,1520000
5283,4,-122.47262,37.735443,2691666.667
5288,3,-122.47259,37.735603,1520000
5297,3,-122.47251,37.720406,1940000
5310,2,-122.47244,37.742786,1465000
5317,2,-122.47243,37.742565,1465000
5331,3,-122.47234,37.741085,1388333.333
5353,4,-122.47219,37.726288,2103166.667
5384,2,-122.47205,37.74583,1511666.667
5389,3,-122.47204,37.753212,1718333.333
5399,3,-122.4719,37.72781,2233333.333
5404,2,-122.47183,37.750168,1379000
5405,3,-122.471825,37.74988,1813333.333
5417,4,-122.47167,37.720757,1780333.333
5438,3,-122.47161,37.76294,1721666.667
5464,5,-122.47145,37.744705,2738962.667
5465,3,-122.47145,37.758827,1986666.667
5477,4,-122.47136,37.722942,1930833.333
5514,5,-122.47118,37.75342,1951666.667
5520,2,-122.47115,37.740242,1770000
5522,3,-122.471146,37.72163,1908333.333
5523,2,-122.47114,37.740047,1770000
5576,3,-122.470955,37.74995,1746666.667
5589,4,-122.47091,37.737316,3178333.333
5604,6,-122.47085,37.725765,2451666.667
5631,2,-122.47075,37.761917,1294666.667
5653,2,-122.47071,37.747017,1503333.333
5654,3,-122.4707,37.721634,1908333.333
5696,5,-122.470474,37.777634,3153333.333
5704,2,-122.47045,37.713943,936666.6667
5734,2,-122.4704,37.709766,855000
5735,5,-122.4704,37.728256,2900000
5737,2,-122.4704,37.737835,1770000
5743,4,-122.47039,37.776314,1958333.333
5754,2,-122.470345,37.74472,1611666.667
5764,5,-122.4703,37.72873,2900000
5770,3,-122.47028,37.743855,2135333.333
5773,4,-122.47026,37.77445,1791666.667
5776,4,-122.47024,37.75866,2666666.667
5782,5,-122.470215,37.784565,3161666.667
5802,4,-122.47012,37.727783,2103166.667
5821,3,-122.47002,37.78616,2150000
5842,3,-122.46988,37.784264,2766666.667
5846,2,-122.469864,37.72005,1190000
5860,5,-122.46985,37.776962,3153333.333
5910,4,-122.46957,37.76449,1669333.333
5911,4,-122.46957,37.779823,2040000
5921,4,-122.4695,37.747997,1810000
5926,3,-122.469444,37.74748,1696666.667
5941,4,-122.46936,37.77325,1633333.333
5956,6,-122.469315,37.7763,2925000
5957,5,-122.469315,37.7763,3153333.333
5983,3,-122.46921,37.74384,2135333.333
5992,4,-122.46916,37.758904,2666666.667
5997,5,-122.46913,37.73322,2833333.333
6008,2,-122.4691,37.757805,1420000
6019,3,-122.46901,37.727406,2039629.333
6030,2,-122.46897,37.72081,1190000
6033,5,-122.46897,37.778877,3353333.333
6035,3,-122.468956,37.719006,1448333.333
6044,3,-122.46894,37.717075,1540000
6048,4,-122.46894,37.78608,2650000
6070,2,-122.46886,37.713604,936666.6667
6072,3,-122.46886,37.752064,1713333.333
6074,4,-122.46884,37.735306,3373333.333
6089,3,-122.46878,37.783928,2766666.667
6094,3,-122.468765,37.741035,2625000
6107,3,-122.46874,37.732037,2010000
6140,3,-122.46844,37.74826,1696666.667
6148,2,-122.46842,37.741817,1748666.667
6150,3,-122.46841,37.747814,1696666.667
6163,2,-122.46837,37.712864,936666.6667
6169,3,-122.46836,37.75494,1745000
6194,5,-122.468285,37.761517,2258333.333
6197,5,-122.46828,37.730038,2900000
6200,2,-122.46826,37.717896,1128033.333
6215,2,-122.468216,37.7733,1451666.667
6221,3,-122.468185,37.742393,2340000
6230,3,-122.46814,37.750908,1713333.333
6236,3,-122.468124,37.743965,2235333.333
6251,4,-122.46809,37.742626,2383333.333
6253,2,-122.46808,37.752834,1906666.667
6255,3,-122.46807,37.774097,2043833.333
6260,3,-122.468056,37.724937,1937962.667
6265,4,-122.46805,37.7188,1880000
6268,2,-122.46805,37.7202,1190000
6274,3,-122.46803,37.71683,1461666.667
6290,5,-122.468025,37.71745,1581666.667
6300,4,-122.46801,37.730583,2516666.667
6305,3,-122.468,37.74283,2535333.333
6328,5,-122.467896,37.740906,2240629.333
6340,4,-122.46785,37.755222,2252500
6351,4,-122.46775,37.75432,2252500
6363,3,-122.4677,37.783882,3076666.667
6369,4,-122.467674,37.783337,2381666.667
6377,3,-122.46761,37.74034,2625000
6388,3,-122.46756,37.777077,2177166.667
6399,3,-122.46748,37.76534,1938333.333
6415,4,-122.467415,37.74574,2266666.667
6421,3,-122.46739,37.74917,1530000
6424,3,-122.46738,37.72987,1781333.333
6428,3,-122.46737,37.75839,1778333.333
6455,4,-122.46724,37.756523,2252500
6457,4,-122.46724,37.784687,2381666.667
6468,2,-122.46719,37.7612,1353333.333
6470,3,-122.46718,37.720753,1343333.333
6471,3,-122.46718,37.735233,2416666.667
6478,3,-122.46716,37.720924,1343333.333
6513,4,-122.46709,37.734158,3123333.333
6516,3,-122.46708,37.730595,1781333.333
6548,2,-122.466934,37.743156,1662000
6558,2,-122.46684,37.756226,1518333.333
6567,4,-122.466774,37.74834,1924333.333
6570,4,-122.46677,37.74492,2266666.667
6574,2,-122.46676,37.737743,1875000
6582,3,-122.46673,37.785152,3076666.667
6589,2,-122.466675,37.753784,1906666.667
6592,2,-122.466644,37.753593,1906666.667
6617,6,-122.46652,37.73768,2085000
6642,3,-122.46639,37.723347,1843962.667
6645,4,-122.46639,37.77526,1633333.333
6649,3,-122.46637,37.71162,1175000
6670,4,-122.46628,37.725132,2053333.333
6671,3,-122.46628,37.735447,2416666.667
6687,3,-122.46625,37.71857,1216666.667
6743,4,-122.46611,37.731277,2583333.333
6748,4,-122.46606,37.74567,2466666.667
6757,2,-122.466,37.727833,1345266.667
6765,4,-122.46596,37.784817,2381666.667
6785,3,-122.46584,37.757305,1778333.333
6787,3,-122.465836,37.728,1658333.333
6800,2,-122.465744,37.708378,743666.6667
6817,3,-122.465675,37.72717,1658333.333
6822,5,-122.46565,37.745968,2671000
6824,3,-122.465645,37.708965,1191666.667
6840,4,-122.46553,37.74503,2576666.667
6841,3,-122.46552,37.717922,1185333.333
6847,4,-122.46551,37.75264,1819166.667
6860,3,-122.46545,37.73018,1848000
6869,3,-122.465385,37.721004,1343333.333
6879,2,-122.46536,37.720596,1070000
6890,3,-122.46534,37.718334,1216666.667
6895,2,-122.465324,37.717033,1009366.667
6914,4,-122.4653,37.744347,2493333.333
6947,3,-122.4652,37.727695,1658333.333
6978,3,-122.46505,37.722626,1787666.667
6989,6,-122.46495,37.749657,2568416.333
6994,3,-122.4649,37.749523,2212000
6996,3,-122.4649,37.759315,1800000
7008,4,-122.46485,37.722862,2053333.333
7018,3,-122.46481,37.758087,1800000
7025,2,-122.464775,37.719685,1070000
7026,3,-122.464775,37.72961,1728000
7041,5,-122.464714,37.708984,1121296
7044,5,-122.464714,37.73148,2886666.667
7045,2,-122.464714,37.736954,1828333.333
7060,4,-122.46467,37.74912,2284333.333
7072,5,-122.46464,37.755287,2113333.333
7079,5,-122.464615,37.75519,2113333.333
7086,2,-122.46456,37.71793,944333.3333
7090,4,-122.464554,37.732765,2841666.667
7099,3,-122.46451,37.71792,1185333.333
7102,2,-122.4645,37.784103,1303333.333
7117,2,-122.46446,37.720737,1070000
7119,4,-122.464455,37.72767,1986666.667
7126,2,-122.46444,37.717472,944333.3333
7134,2,-122.464424,37.717224,944333.3333
7138,4,-122.464424,37.74757,2366666.667
7140,2,-122.46442,37.714973,935333.3333
7145,2,-122.4644,37.713596,908333.3333
7147,3,-122.4644,37.713844,847666.6667
7154,3,-122.464386,37.713413,847666.6667
7167,4,-122.46431,37.725456,1903333.333
7178,5,-122.46427,37.724052,2483333.333
7195,4,-122.4642,37.764656,2360000
7202,5,-122.46418,37.740005,2817962.667
7209,4,-122.46412,37.737545,2604000
7225,4,-122.464035,37.748283,2284333.333
7237,4,-122.463974,37.76116,2333333.333
7247,4,-122.46393,37.7867,3673333.333
7253,4,-122.463875,37.73337,2613333.333
7258,4,-122.463844,37.759327,2181666.667
7262,4,-122.46383,37.71146,1350000
7268,3,-122.46379,37.733494,2436666.667
7273,3,-122.46378,37.774216,1718333.333
7275,3,-122.463776,37.73372,2436666.667
7282,4,-122.463715,37.78792,3673333.333
7289,4,-122.46368,37.74135,2200666.667
7310,3,-122.46358,37.72077,1119333.333
7312,3,-122.46358,37.738213,2250000
7323,3,-122.463554,37.71839,1212000
7359,2,-122.46349,37.713364,875333.3333
7374,2,-122.46345,37.740734,1626666.667
7412,5,-122.46321,37.734795,3286666.667
7435,3,-122.46306,37.732887,2436666.667
7437,3,-122.46305,37.75085,2412000
7445,3,-122.46303,37.778385,2005000
7454,4,-122.463,37.73048,2260000
7458,4,-122.46298,37.728878,2453333.333
7472,4,-122.4629,37.776848,2275000
7479,4,-122.462875,37.74546,2727962.667
7481,4,-122.462875,37.76079,2333333.333
7487,4,-122.46285,37.74598,2743629.333
7509,2,-122.4627,37.70922,739666.6667
7510,3,-122.4627,37.72772,1792962.667
7519,2,-122.46265,37.709183,739666.6667
7521,2,-122.46264,37.717525,946000
7527,3,-122.46262,37.717052,1245333.333
7530,2,-122.46262,37.7264,1316266.667
7534,4,-122.462616,37.714764,1300000
7569,4,-122.46248,37.747643,2565666.667
7572,5,-122.46243,37.745903,2671000
7585,4,-122.46234,37.737995,2604000
7589,3,-122.46232,37.73434,2020002.667
7599,3,-122.46229,37.73394,1865002.667
7604,5,-122.46227,37.7227,1700000
7611,3,-122.46225,37.718822,1321666.667
7617,2,-122.46225,37.719772,1145296
7627,3,-122.462234,37.72924,1792962.667
7672,3,-122.462,37.73368,1895000
7673,5,-122.462,37.749786,2459333.333
7676,2,-122.46198,37.71316,875333.3333
7677,4,-122.46198,37.71316,1350000
7693,3,-122.46193,37.712284,998333.3333
7699,3,-122.4619,37.777893,2005000
7700,4,-122.46189,37.733574,2613333.333
7701,4,-122.46186,37.76167,2333333.333
7708,3,-122.46183,37.733414,1895000
7714,3,-122.4618,37.734695,2020002.667
7726,3,-122.461716,37.71823,1202666.667
7728,4,-122.46171,37.72683,1973333.333
7741,3,-122.46162,37.739803,2283543
7764,3,-122.46152,37.740833,2087043
7765,2,-122.46151,37.709343,739666.6667
7766,4,-122.46151,37.715748,1300000
7769,3,-122.4615,37.739857,2283543
7775,4,-122.46149,37.73841,2494000
7777,3,-122.46148,37.73827,2091666.667
7784,3,-122.46146,37.74172,2012043
7792,4,-122.461426,37.747513,2565666.667
7797,4,-122.461395,37.755394,2548362.667
7821,5,-122.46132,37.784584,4896666.667
7841,3,-122.46124,37.719017,1107666.667
7843,3,-122.46124,37.719387,1205000
7847,3,-122.46124,37.72091,1052666.667
7871,2,-122.461205,37.71575,849602.6667
7887,2,-122.46113,37.71744,836666.6667
7908,3,-122.46105,37.71824,1224333.333
7931,3,-122.46096,37.748825,2573666.667
7933,2,-122.460945,37.727623,1296266.667
7946,4,-122.46088,37.748005,2565666.667
7957,4,-122.46082,37.730198,2426666.667
7963,3,-122.46081,37.728943,1906962.667
7966,4,-122.46077,37.742077,2234000
7976,3,-122.460754,37.74842,2195333.333
7979,3,-122.460724,37.74609,2195333.333
7986,4,-122.46069,37.717445,1300000
7994,2,-122.46065,37.715755,947936
8012,3,-122.46059,37.716595,874000
8019,2,-122.46056,37.741028,1626666.667
8026,2,-122.46054,37.74298,1626666.667
8029,4,-122.46053,37.730835,2426666.667
8038,1,-122.46048,37.72183,900000
8069,3,-122.46031,37.741066,2175209.667
8140,4,-122.46009,37.755398,2491696
8147,3,-122.46006,37.711388,998333.3333
8169,2,-122.459946,37.72831,1296266.667
8189,3,-122.45989,37.727917,1846962.667
8195,3,-122.459885,37.74011,2125000
8206,5,-122.45983,37.753647,2113333.333
8224,3,-122.4597,37.774147,1738333.333
8232,4,-122.459656,37.77664,2541666.667
8285,4,-122.45927,37.779316,2685000
8318,3,-122.45915,37.72662,1630666.667
8325,3,-122.45912,37.728424,1846962.667
8329,2,-122.4591,37.72679,1296266.667
8332,2,-122.459076,37.716908,1023333.333
8346,4,-122.45904,37.713516,1190000
8354,2,-122.45902,37.713757,829936
8360,2,-122.45894,37.76602,1570000
8384,3,-122.45878,37.780125,2221666.667
8395,4,-122.4587,37.73838,2265000
8398,3,-122.4587,37.7438,1635000
8402,2,-122.45867,37.718227,1057666.667
8413,4,-122.458595,37.737045,2265000
8422,2,-122.45855,37.746643,1543333.333
8439,3,-122.45844,37.735397,1708333.333
8440,5,-122.45844,37.78764,5221666.667
8452,2,-122.45837,37.72003,1130596
8471,3,-122.45819,37.7212,1165000
8478,3,-122.45818,37.72064,1165000
8487,3,-122.458176,37.72236,1090000
8501,2,-122.45816,37.71932,1130596
8521,2,-122.45794,37.739204,1641666.667
8570,2,-122.4577,37.752544,1309000
8596,3,-122.45754,37.74355,1635000
8606,3,-122.4575,37.752697,1588666.667
8611,2,-122.45746,37.717472,998333.3333
8615,3,-122.45742,37.75552,1438333.333
8616,5,-122.457405,37.712303,1262962.667
8644,2,-122.457275,37.728912,1668333.333
8658,4,-122.457184,37.74539,2258833.333
8668,3,-122.45717,37.721077,1188333.333
8669,3,-122.45717,37.72136,1188333.333
8671,1,-122.45717,37.72229,900000
8699,3,-122.45697,37.74513,1635000
8723,3,-122.45682,37.735535,1625000
8729,4,-122.4568,37.789635,4431666.667
8748,3,-122.456726,37.76465,2183333.333
8752,5,-122.45672,37.78275,6233333.333
8759,4,-122.45669,37.718227,1271666.667
8762,3,-122.45669,37.73606,1625000
8793,2,-122.45654,37.727875,1668333.333
8810,4,-122.45649,37.786983,4431666.667
8817,2,-122.456474,37.708717,823333.3333
8822,4,-122.45647,37.729584,2358333.333
8839,2,-122.45642,37.718243,1096000
8853,3,-122.45635,37.72004,1173333.333
8863,3,-122.45624,37.7329,1484333.333
8865,2,-122.45623,37.73423,1620000
8878,4,-122.45618,37.778152,2685000
8885,2,-122.456154,37.740826,1591666.667
8892,2,-122.45614,37.723366,906666.6667
8899,5,-122.45613,37.72108,1533333.333
8915,3,-122.456085,37.730576,1884333.333
8946,4,-122.45585,37.73177,2568666.667
8957,4,-122.45581,37.764553,3041666.667
8983,5,-122.45565,37.78323,6233333.333
8999,4,-122.45556,37.74615,2125500
9003,3,-122.455536,37.75599,1491666.667
9010,3,-122.45548,37.742554,1789583.333
9011,3,-122.45548,37.75671,1491666.667
9019,3,-122.45541,37.715736,1137066.667
9023,3,-122.4554,37.736065,1625000
9028,4,-122.455376,37.787857,4431666.667
9035,3,-122.45532,37.77819,2191666.667
9047,4,-122.45524,37.74137,1815833.333
9050,2,-122.45523,37.732822,1620000
9054,3,-122.4552,37.720043,1166666.667
9065,5,-122.45515,37.78806,6638333.333
9072,2,-122.45513,37.721333,906666.6667
9079,3,-122.45512,37.721394,1306666.667
9111,4,-122.455025,37.7562,1990333.333
9114,3,-122.455,37.730213,1884333.333
9117,3,-122.454994,37.714905,1137066.667
9122,2,-122.45497,37.73389,1570000
9124,4,-122.454956,37.73166,2283333.333
9126,5,-122.454956,37.76207,3074000
9129,4,-122.45495,37.763397,2635000
9138,2,-122.454895,37.733837,1570000
9144,3,-122.454865,37.75641,1491666.667
9152,2,-122.454796,37.729073,1681666.667
9158,2,-122.45477,37.735714,1566666.667
9197,3,-122.454506,37.783226,2333333.333
9206,3,-122.45443,37.778152,2308333.333
9208,6,-122.45442,37.731544,1901666.667
9232,3,-122.454254,37.73709,1556666.667
9240,4,-122.45422,37.75349,1807000
9242,2,-122.454216,37.716976,866666.6667
9271,3,-122.4541,37.741226,1732916.667
9274,3,-122.4541,37.755264,1628333.333
9282,4,-122.454094,37.76334,2635000
9288,2,-122.45408,37.718422,940000
9289,2,-122.45408,37.718586,940000
9296,3,-122.45404,37.7882,4750000
9303,2,-122.45402,37.72949,1493333.333
9310,2,-122.45401,37.74174,1679183.333
9341,5,-122.453804,37.79064,7908333.333
9345,3,-122.453766,37.71624,1238333.333
9349,4,-122.45376,37.73655,1744666.667
9351,2,-122.45376,37.75572,1300000
9356,3,-122.45374,37.73124,1884333.333
9375,3,-122.45368,37.784397,3266666.667
9377,3,-122.453674,37.751205,1601333.333
9397,3,-122.45352,37.756096,1628333.333
9400,2,-122.4535,37.756157,1300000
9405,2,-122.45349,37.714928,903333.3333
9414,2,-122.45345,37.741287,1476516.667
9421,4,-122.453415,37.73248,2450000
9427,2,-122.4534,37.716476,866666.6667
9435,3,-122.45338,37.73416,1596666.667
9441,4,-122.453354,37.763554,3033333.333
9455,3,-122.45326,37.763153,2166666.667
9465,2,-122.45316,37.750134,1369000
9477,5,-122.453125,37.742775,1971000
9495,2,-122.45309,37.720654,1095000
9499,4,-122.45308,37.73561,1744666.667
9504,2,-122.45304,37.73703,1361166.667
9506,2,-122.453,37.716953,866666.6667
9513,2,-122.45297,37.743687,1540850
9539,4,-122.45286,37.71582,1168333.333
9569,3,-122.4527,37.73306,1658666.667
9592,2,-122.45257,37.709713,919000
9595,5,-122.45256,37.708603,1281666.667
9602,3,-122.45254,37.73608,1576000
9620,2,-122.45243,37.729317,1493333.333
9621,4,-122.45243,37.729317,2308333.333
9646,2,-122.45233,37.715157,903333.3333
9647,4,-122.45233,37.73379,2158333.333
9649,5,-122.452324,37.763275,3074000
9652,6,-122.45231,37.717766,1496000
9656,3,-122.45231,37.73306,1658666.667
9663,4,-122.452286,37.763073,3033333.333
9676,3,-122.452225,37.715267,1168333.333
9677,3,-122.452225,37.76279,2166666.667
9691,4,-122.452156,37.733047,2158333.333
9704,2,-122.45213,37.750244,1312333.333
9709,4,-122.452126,37.748867,2055666.667
9724,4,-122.452065,37.748375,2055666.667
9734,3,-122.45204,37.733795,1455333.333
9736,3,-122.452034,37.75299,1564000
9743,2,-122.45202,37.761745,1653333.333
9748,3,-122.452,37.7358,1412666.667
9758,4,-122.45194,37.736786,1744666.667
9759,2,-122.451935,37.719807,1148333.333
9762,3,-122.45192,37.73305,1457000
9772,3,-122.45189,37.76118,1970833.333
9780,3,-122.45185,37.760975,1970833.333
9781,3,-122.45184,37.73305,1457000
9783,3,-122.45182,37.719425,1068733.333
9802,3,-122.451744,37.76876,2481666.667
9821,2,-122.45169,37.733807,1366666.667
9823,3,-122.451675,37.74965,1503333.333
9830,2,-122.45163,37.74065,1339850
9834,4,-122.45162,37.74283,1878333.333
9842,4,-122.45159,37.75042,2055666.667
9848,4,-122.45156,37.733795,2158333.333
9849,4,-122.45156,37.743557,1878333.333
9851,3,-122.45154,37.757378,2251666.667
9866,5,-122.45147,37.752415,2239000
9871,3,-122.45146,37.738068,1451666.667
9872,3,-122.45146,37.738068,1451666.667
9878,4,-122.45145,37.777607,2345000
9885,3,-122.45142,37.761505,1970833.333
9887,4,-122.451416,37.738678,1728000
9898,3,-122.4514,37.738766,1451666.667
9915,2,-122.45135,37.720142,1148333.333
9925,4,-122.45132,37.791138,5746000
9934,2,-122.45126,37.74823,1315000
9953,2,-122.451164,37.720432,1148333.333
9962,4,-122.45116,37.785606,4148333.333
9966,5,-122.45115,37.718834,1753326.333
9974,3,-122.45114,37.73182,1440000
9976,5,-122.45114,37.758087,3074000
9990,3,-122.45107,37.750362,1503333.333
9997,2,-122.451065,37.74884,1315000
10029,5,-122.45094,37.716824,1753326.333
10032,5,-122.45092,37.716854,1753326.333
10045,3,-122.4508,37.748222,1486666.667
10069,2,-122.45069,37.717125,829333.3333
10073,3,-122.45067,37.719604,1068733.333
10101,3,-122.45057,37.77771,2453576.667
10151,2,-122.45042,37.717464,829333.3333
10158,2,-122.45041,37.783737,1776666.667
10164,2,-122.45039,37.7837,1776666.667
10177,3,-122.45035,37.733067,1683333.333
10191,3,-122.450294,37.754505,1309333.333
10218,2,-122.45023,37.749985,1306666.667
10247,4,-122.45011,37.73307,1977666.667
10267,3,-122.45003,37.732327,1683333.333
10288,3,-122.44995,37.71287,1075000
10294,3,-122.449936,37.74222,1489333.333
10295,4,-122.449936,37.757473,3138333.333
10297,4,-122.44993,37.75817,3138333.333
10314,3,-122.449875,37.73307,1683333.333
10320,2,-122.449844,37.742176,1292333.333
10344,2,-122.44977,37.753506,1300000
10366,4,-122.44971,37.778034,2345000
10370,3,-122.4497,37.729065,1605009
10377,3,-122.44969,37.77787,2453576.667
10386,4,-122.44965,37.790543,5531000
10394,3,-122.44961,37.754128,1309333.333
10412,2,-122.449524,37.742023,1292333.333
10416,2,-122.449486,37.733074,1133333.333
10459,3,-122.44928,37.741932,1489333.333
10475,3,-122.44921,37.7483,1570000
10483,3,-122.449196,37.767433,2631666.667
10487,3,-122.449165,37.742638,1489333.333
10500,3,-122.44905,37.737255,1370666.667
10512,2,-122.449005,37.78377,1776666.667
10514,1,-122.449,37.75823,1858333.333
10515,4,-122.44897,37.780155,2345000
10516,3,-122.44896,37.754345,1309333.333
10519,2,-122.448944,37.760757,1653333.333
10538,2,-122.4489,37.735073,1126666.667
10558,3,-122.44887,37.733257,1553333.333
10577,3,-122.448845,37.72943,1605009
10579,3,-122.448845,37.740158,1983333.333
10585,4,-122.44883,37.740116,1753333.333
10596,2,-122.44879,37.77956,1622083.333
10605,3,-122.44877,37.740395,1983333.333
10611,3,-122.44875,37.718475,1068733.333
10625,3,-122.44866,37.714832,1356666.667
10646,4,-122.448555,37.741856,1770000
10650,4,-122.448524,37.714153,1104333.333
10654,3,-122.44849,37.75865,1768333.333
10655,3,-122.44849,37.762615,1948800
10662,2,-122.44843,37.72907,1210376.667
10667,4,-122.44842,37.75965,3066666.667
10672,3,-122.4484,37.712975,1178333.333
10674,3,-122.448395,37.758312,1685000
10677,5,-122.44838,37.78892,7908333.333
10680,2,-122.448364,37.735115,1226666.667
10692,3,-122.4483,37.789825,4466666.667
10696,2,-122.44828,37.732334,1200000
10701,3,-122.448265,37.78051,2685000
10707,3,-122.44823,37.7374,1370666.667
10710,4,-122.44823,37.76808,3630000
10728,4,-122.44819,37.759678,3066666.667
10735,3,-122.448135,37.714207,1356666.667
10768,3,-122.44794,37.737347,1280666.667
10787,3,-122.44785,37.738995,1941666.667
10799,3,-122.44782,37.739304,1941666.667
10809,6,-122.44779,37.761803,2975000
10822,3,-122.44776,37.72828,1378342.333
10827,3,-122.44775,37.715042,1356666.667
10831,6,-122.44774,37.765694,2975000
10847,3,-122.44767,37.805073,3104833.333
10856,4,-122.44763,37.71673,945333.3333
10880,3,-122.44757,37.77626,2453576.667
10885,4,-122.44755,37.734276,1602666.667
10896,2,-122.44752,37.71738,991000
10904,4,-122.447464,37.76461,3846666.667
10911,3,-122.447426,37.734962,1505000
10926,4,-122.44741,37.805103,5529333.333
10932,3,-122.447365,37.76793,2631666.667
10937,4,-122.44736,37.764385,3846666.667
10948,2,-122.44729,37.73187,1288333.333
10960,4,-122.44726,37.729897,1829333.333
10969,3,-122.44721,37.73698,1464000
10972,3,-122.4472,37.74184,1383333.333
10987,3,-122.447136,37.76676,2176000
11002,2,-122.4471,37.727467,1235376.667
11011,2,-122.44705,37.748528,1291666.667
11021,3,-122.44703,37.747112,1634000
11031,4,-122.446976,37.801735,3876000
11039,4,-122.446945,37.7962,6040000
11045,2,-122.446915,37.717205,1156000
11046,2,-122.446915,37.718513,991000
11049,3,-122.4469,37.765686,2176000
11055,3,-122.44688,37.75962,1758333.333
11060,4,-122.44685,37.75979,3066666.667
11077,3,-122.446815,37.740253,1750000
11095,3,-122.44675,37.712193,968888.6667
11107,3,-122.44669,37.74021,1750000
11121,2,-122.44661,37.71411,939666.6667
11125,2,-122.446594,37.73652,1370166.667
11128,3,-122.44658,37.736534,1533333.333
11135,3,-122.44656,37.728546,1425000
11141,2,-122.446556,37.727036,1235376.667
11156,3,-122.44654,37.726963,1425000
11166,5,-122.44651,37.79952,5873333.333
11177,3,-122.446465,37.737484,1470000
11183,2,-122.44644,37.800953,2798333.333
11226,3,-122.4463,37.73736,1470000
11229,6,-122.4463,37.800205,4400000
11239,3,-122.446266,37.757915,1893333.333
11289,2,-122.446106,37.727474,1235376.667
11306,2,-122.44604,37.716908,1156000
11333,5,-122.44596,37.709652,1200000
11345,4,-122.445915,37.744915,2167000
11356,3,-122.44587,37.733086,1210000
11357,4,-122.44587,37.744835,2167000
11401,3,-122.44574,37.736668,1566666.667
11403,3,-122.44573,37.785465,2423333.333
11407,5,-122.4457,37.79726,5873333.333
11424,2,-122.44564,37.71425,939666.6667
11429,3,-122.44563,37.759716,1920000
11446,3,-122.44559,37.786438,2423333.333
11450,3,-122.44555,37.734104,1251666.667
11459,2,-122.44552,37.733078,1425166.667
11472,3,-122.44548,37.715023,1029555.333
11474,4,-122.44548,37.80059,3876000
11480,2,-122.44546,37.73461,1391833.333
11490,3,-122.445435,37.787575,3133333.333
11541,4,-122.445274,37.795135,6040000
11544,3,-122.44525,37.785515,2423333.333
11548,2,-122.44523,37.713905,939666.6667
11554,3,-122.44522,37.73071,1308333.333
11557,3,-122.44521,37.745224,1712333.333
11560,3,-122.44521,37.804462,3104833.333
11571,4,-122.445175,37.797775,5182666.667
11576,3,-122.44516,37.72073,1146333.333
11594,3,-122.445114,37.70908,1011666.667
11607,2,-122.445076,37.769104,1598333.333
11608,4,-122.445076,37.805386,5062666.667
11623,2,-122.445045,37.70899,886000
11629,4,-122.44503,37.799694,4551000
11638,3,-122.444984,37.71356,942888.6667
11661,3,-122.44494,37.74757,1593000
11671,4,-122.44491,37.744423,2317000
11672,2,-122.44491,37.76191,1520000
11683,3,-122.44487,37.76314,2203333.333
11696,4,-122.44484,37.74436,2317000
11699,4,-122.44484,37.76487,3116666.667
11705,5,-122.4448,37.71148,1200000
11725,4,-122.44473,37.76405,3116666.667
11766,3,-122.44459,37.729893,1495000
11786,4,-122.4445,37.73809,2133333.333
11792,4,-122.444466,37.785625,2788333.333
11797,3,-122.444435,37.738686,1620000
11848,2,-122.44429,37.729324,1276301.667
11874,2,-122.44417,37.71628,1013333.333
11877,3,-122.44415,37.75988,1936666.667
11888,3,-122.44406,37.778027,2383576.667
11889,3,-122.44405,37.73234,1101666.667
11906,2,-122.443985,37.727238,1143666.667
11907,4,-122.443985,37.727238,1743333.333
11917,3,-122.443954,37.788673,3133333.333
11931,3,-122.44391,37.729103,1495000
11932,3,-122.44391,37.765705,2211000
11933,4,-122.4439,37.715378,955333.3333
11934,3,-122.4439,37.75904,1936666.667
11942,5,-122.44388,37.718178,1271666.667
11953,5,-122.44384,37.779533,2773333.333
11957,1,-122.44383,37.763218,1858333.333
11964,2,-122.4438,37.78786,1666666.667
11968,2,-122.443794,37.729908,1276301.667
11974,4,-122.44378,37.75719,2450000
11984,3,-122.443756,37.751457,1962500
11996,4,-122.44373,37.729103,1643333.333
12027,3,-122.44366,37.794132,5718333.333
12028,5,-122.44366,37.795483,6513333.333
12046,3,-122.44362,37.761425,2236666.667
12051,3,-122.44361,37.763287,2203333.333
12062,2,-122.44359,37.786816,1666666.667
12068,2,-122.44356,37.712475,919000
12092,4,-122.4435,37.733086,2011666.667
12095,3,-122.4435,37.779575,2498333.333
12109,3,-122.44347,37.71522,1029555.333
12111,5,-122.44347,37.794537,6513333.333
12125,5,-122.443405,37.777637,2773333.333
12161,4,-122.44327,37.76516,3116666.667
12182,2,-122.44321,37.783867,1666666.667
12192,4,-122.44318,37.710243,1158333.333
12201,3,-122.443146,37.764378,2451666.667
12220,4,-122.44304,37.745216,2440000
12229,4,-122.442986,37.73473,2400000
12244,2,-122.44294,37.80474,2798333.333
12257,4,-122.44289,37.73152,1688333.333
12268,4,-122.44282,37.708717,1225000
12276,2,-122.442795,37.77453,1953333.333
12294,2,-122.44272,37.71639,925000
12310,4,-122.44267,37.750317,2484666.667
12311,4,-122.442665,37.7924,6883333.333
12323,3,-122.44263,37.753246,2312500
12336,2,-122.44258,37.74883,1601666.667
12338,1,-122.44257,37.728065,790333.3333
12354,4,-122.44252,37.789852,3681666.667
12365,5,-122.44249,37.771538,2905000
12382,4,-122.44238,37.786835,2788333.333
12404,1,-122.442314,37.757126,1764166.667
12423,4,-122.44225,37.708534,1225000
12429,3,-122.44224,37.72676,1456666.667
12432,2,-122.44223,37.77731,1930416.667
12443,5,-122.4422,37.710926,1200000
12451,3,-122.44217,37.762074,2366666.667
12491,3,-122.442024,37.73516,1956666.667
12494,2,-122.44202,37.7295,1227666.667
12501,4,-122.44201,37.730785,1671666.667
12524,3,-122.44193,37.752415,2312500
12558,4,-122.441795,37.79475,7600000
12560,4,-122.441795,37.803177,4050000
12568,5,-122.44176,37.71745,1271666.667
12574,4,-122.44174,37.76112,2773333.333
12579,2,-122.44173,37.75243,1900000
12596,3,-122.44165,37.732353,1423333.333
12615,4,-122.44162,37.723312,1266000
12639,2,-122.44153,37.758987,1992833.333
12655,4,-122.44147,37.788883,3681666.667
12665,3,-122.44142,37.75246,2312500
12681,4,-122.44136,37.752453,2211333.333
12687,2,-122.44134,37.752464,1900000
12705,2,-122.44128,37.728172,1302333.333
12706,4,-122.44127,37.75707,2066666.667
12713,4,-122.44123,37.709484,1225000
12724,2,-122.4412,37.75405,1900000
12735,2,-122.44116,37.71967,1128333.333
12795,1,-122.440956,37.729923,790333.3333
12799,5,-122.44094,37.72501,1716666.667
12806,3,-122.44093,37.79639,4685000
12819,3,-122.44089,37.73396,1935000
12829,1,-122.44086,37.751682,1280833.333
12839,3,-122.44084,37.781578,2498333.333
12841,4,-122.44084,37.802975,4050000
12867,4,-122.44076,37.779385,2416000
12868,2,-122.44075,37.763783,1601666.667
12882,4,-122.440735,37.75089,2484666.667
12893,3,-122.44071,37.75677,3093333.333
12897,3,-122.440704,37.75469,2258333.333
12905,3,-122.44067,37.731525,1423333.333
12913,3,-122.44065,37.79763,4685000
12925,4,-122.4406,37.789104,3681666.667
12929,2,-122.44059,37.735012,2018333.333
12936,4,-122.440575,37.805214,4752050
12942,5,-122.44057,37.80521,5258333.333
12954,4,-122.440544,37.750282,2168000
12961,4,-122.44053,37.765797,3633333.333
12962,3,-122.44052,37.749897,2185000
13016,4,-122.44034,37.80133,4340333.333
13041,2,-122.44025,37.710033,1138333.333
13061,3,-122.4402,37.731636,1393333.333
13082,2,-122.440155,37.72301,1270003.333
13095,3,-122.44012,37.755234,3058333.333
13117,4,-122.44005,37.733116,2145000
13121,4,-122.44002,37.7235,1266000
13126,4,-122.44,37.748653,2701666.667
13149,4,-122.43991,37.804443,4752050
13153,4,-122.439896,37.727814,1768333.333
13162,4,-122.43987,37.776768,2416000
13170,5,-122.43986,37.751743,3988333.333
13176,2,-122.43984,37.71663,853333.3333
13183,2,-122.4398,37.75899,1734500
13188,3,-122.43976,37.713818,1126666.667
13196,4,-122.43975,37.73917,2400000
13199,3,-122.43974,37.708836,1166666.667
13219,2,-122.4397,37.736755,1805000
13237,3,-122.43964,37.71994,1077666.667
13301,3,-122.43944,37.79754,4685000
13304,4,-122.43942,37.72263,1266000
13307,4,-122.439415,37.71688,984333.3333
13309,3,-122.439415,37.749577,2185000
13321,5,-122.43937,37.717308,1188333.333
13326,2,-122.43934,37.726395,1374000
13347,3,-122.43927,37.733078,1518333.333
13351,3,-122.43926,37.76784,2522666.667
13352,5,-122.43926,37.80348,5258333.333
13362,2,-122.43923,37.726532,1374000
13373,5,-122.43918,37.79029,7500000
13374,3,-122.43917,37.75421,2231666.667
13390,3,-122.43912,37.758377,2692441.333
13403,3,-122.43907,37.71618,1141666.667
13407,3,-122.439064,37.728382,1471666.667
13453,4,-122.43896,37.804848,4752050
13461,3,-122.438934,37.72222,1067666.667
13491,5,-122.43889,37.717968,1188333.333
13509,3,-122.43886,37.75565,2927333.333
13516,1,-122.43884,37.749393,1655833.333
13561,2,-122.43871,37.73513,1870000
13583,5,-122.43867,37.75295,3988333.333
13592,2,-122.438644,37.711872,1321666.667
13605,2,-122.4386,37.725822,1316666.667
13606,3,-122.4386,37.731533,1401666.667
13608,3,-122.43859,37.72711,1471666.667
13615,4,-122.438576,37.75906,2806666.667
13618,4,-122.43855,37.774902,2877666.667
13629,3,-122.43854,37.802174,2775000
13633,3,-122.43853,37.766285,2708333.333
13656,3,-122.43844,37.750767,2451666.667
13657,3,-122.43843,37.745403,2203333.333
13660,4,-122.438416,37.746235,2558333.333
13661,2,-122.438416,37.757465,1792833.333
13662,2,-122.438416,37.757465,1792833.333
13673,3,-122.4384,37.802273,2775000
13683,4,-122.43838,37.75747,2806666.667
13695,3,-122.43833,37.74966,2608333.333
13717,5,-122.438286,37.794224,8250000
13733,2,-122.43822,37.71136,1321666.667
13737,2,-122.4382,37.718872,1101666.667
13745,5,-122.43818,37.736763,3663333.333
13751,2,-122.43816,37.728973,1055000
13755,3,-122.438156,37.759495,2710774.667
13762,3,-122.43811,37.73237,1510000
13766,5,-122.4381,37.7721,3401666.667
13770,4,-122.438065,37.7585,2806666.667
13773,3,-122.43806,37.74682,2186666.667
13779,2,-122.43804,37.73641,1495000
13787,3,-122.438034,37.751865,2575000
13800,5,-122.437996,37.787403,6116666.667
13801,2,-122.43799,37.71619,853333.3333
13803,2,-122.43799,37.745907,1566666.667
13812,2,-122.43795,37.79868,2988333.333
13825,4,-122.43792,37.747852,2758333.333
13828,3,-122.4379,37.710094,1183333.333
13833,4,-122.43789,37.736603,2775000
13837,2,-122.437874,37.71411,1033333.333
13856,3,-122.43782,37.75268,2575000
13862,3,-122.43781,37.756077,3469000
13865,2,-122.4378,37.7101,1201666.667
13877,3,-122.43775,37.733475,1518333.333
13885,3,-122.43773,37.751884,2575000
13889,2,-122.43772,37.732372,1251666.667
13891,4,-122.43771,37.712048,1167333.333
13894,4,-122.43771,37.725513,1674333.333
13903,4,-122.4377,37.754856,2716666.667
13924,2,-122.437645,37.786495,2100000
13926,2,-122.43764,37.716682,853333.3333
13927,3,-122.43764,37.754086,2223333.333
13933,4,-122.437614,37.74625,2558333.333
13948,3,-122.43757,37.80318,2775000
13953,2,-122.437546,37.725792,1367333.333
13960,4,-122.43754,37.737614,2733333.333
13962,4,-122.43752,37.737705,2733333.333
13996,4,-122.43742,37.73785,2733333.333
13999,2,-122.437416,37.736538,1495000
14019,3,-122.43737,37.77028,2156000
14020,3,-122.43737,37.77028,2156000
14045,3,-122.43729,37.75029,2451666.667
14057,2,-122.43727,37.720047,1145000
14059,2,-122.43726,37.73133,1160000
14060,2,-122.43726,37.732384,1251666.667
14062,3,-122.437256,37.751102,2340000
14072,4,-122.43721,37.71274,1058333.333
14075,2,-122.43721,37.737167,1495000
14083,5,-122.43719,37.737823,3663333.333
14084,3,-122.43719,37.740326,1626666.667
14087,3,-122.43718,37.79878,3233333.333
14090,2,-122.437164,37.732384,1251666.667
14093,2,-122.437164,37.74467,1566666.667
14101,5,-122.43714,37.737816,3663333.333
14117,3,-122.43709,37.744675,2183333.333
14125,2,-122.43707,37.748695,1919666.667
14139,4,-122.437035,37.73792,2600000
14146,2,-122.437004,37.79498,2988333.333
14149,3,-122.43699,37.72726,1471666.667
14161,4,-122.436966,37.770596,2670000
14163,2,-122.43696,37.73316,1257666.667
14178,4,-122.43691,37.790363,4300000
14183,5,-122.4369,37.7122,1344400
14193,4,-122.436874,37.747917,2716666.667
14195,3,-122.436874,37.757374,2805666.667
14232,3,-122.4368,37.785633,2840000
14236,3,-122.43679,37.754353,2366666.667
14248,4,-122.43676,37.745502,3133333.333
14254,4,-122.436745,37.737926,2600000
14258,4,-122.43673,37.80644,5074758.333
14273,3,-122.43668,37.78854,2740000
14304,3,-122.43661,37.789047,2740000
14312,5,-122.43658,37.747147,4730000
14324,5,-122.43655,37.73492,3551666.667
14329,3,-122.43654,37.746334,2111666.667
14331,2,-122.43654,37.753723,2083333.333
14336,4,-122.43652,37.70979,1205666.667
14351,2,-122.4365,37.749546,1903000
14372,4,-122.43643,37.793434,4042333.333
14393,4,-122.436386,37.745514,3133333.333
14432,3,-122.436264,37.799377,2266666.667
14449,2,-122.4362,37.721115,1145000
14455,2,-122.4362,37.75023,1903000
14461,5,-122.43619,37.750107,4288333.333
14466,2,-122.43618,37.761402,2028503.333
14489,2,-122.43605,37.710743,1081000
14493,4,-122.43605,37.79153,4450000
14503,2,-122.43601,37.720245,1145000
14507,3,-122.43601,37.756012,3319000
14514,2,-122.435974,37.747902,1916666.667
14517,4,-122.43595,37.769043,2670000
14519,3,-122.43594,37.729946,1183333.333
14529,2,-122.43591,37.74706,1908333.333
14547,3,-122.43586,37.758274,3053333.333
14552,3,-122.435844,37.787678,2740000
14582,2,-122.43576,37.72979,1085333.333
14586,6,-122.43575,37.719177,1496000
14596,4,-122.435745,37.714806,1058333.333
14604,3,-122.43574,37.717747,1170000
14611,2,-122.43573,37.74519,1651666.667
14614,4,-122.43573,37.75603,3219333.333
14629,5,-122.43568,37.7447,4730000
14650,1,-122.4356,37.717934,858666.6667
14656,4,-122.4356,37.78931,4300000
14671,2,-122.43556,37.7361,1761666.667
14680,3,-122.43555,37.74312,1916666.667
14683,4,-122.43555,37.747997,2253333.333
14697,3,-122.4355,37.744766,1915000
14709,3,-122.43548,37.736706,2021666.667
14749,2,-122.43536,37.753605,2083333.333
14768,3,-122.4353,37.732708,1710000
14779,3,-122.43526,37.712517,1210333.333
14783,3,-122.43525,37.753613,2366666.667
14785,3,-122.435234,37.74478,1915000
14791,2,-122.4352,37.730324,1085333.333
14796,4,-122.43518,37.709454,1205666.667
14801,3,-122.43516,37.737087,2021666.667
14856,3,-122.435,37.746883,2376666.667
14868,2,-122.434944,37.7231,913000
14886,5,-122.434875,37.73893,3053333.333
14891,4,-122.43486,37.74883,2128333.333
14893,3,-122.434845,37.729706,1183333.333
14898,2,-122.43482,37.71107,1088666.667
14917,3,-122.43475,37.764973,2257333.333
14929,3,-122.43471,37.737278,2021666.667
14932,4,-122.43471,37.744812,5200000
14936,3,-122.4347,37.74403,2363666.667
14940,2,-122.43468,37.70951,1066666.667
14956,3,-122.43465,37.76497,2257333.333
14970,4,-122.43459,37.79157,4450000
14983,2,-122.43455,37.75603,2058666.667
15019,2,-122.434456,37.708996,1066666.667
15022,4,-122.43445,37.745625,5200000
15046,3,-122.434364,37.73353,1710000
15049,5,-122.434364,37.744835,4730000
15059,3,-122.43434,37.759327,2270000
15077,2,-122.4343,37.75349,2083333.333
15103,5,-122.434265,37.727837,1650000
15107,3,-122.43425,37.722584,1023333.333
15124,4,-122.43414,37.748875,2128333.333
15150,3,-122.43405,37.721424,1023333.333
15160,3,-122.43401,37.73866,1460000
15165,4,-122.43399,37.74325,3948333.333
15167,3,-122.43398,37.73844,1460000
15172,3,-122.43397,37.76156,2795000
15175,4,-122.43395,37.755325,3219333.333
15181,5,-122.43393,37.797726,6950000
15188,4,-122.433914,37.749508,2516666.667
15190,2,-122.43391,37.736816,1753333.333
15195,2,-122.43388,37.717297,1023333.333
15196,2,-122.43388,37.730324,1085333.333
15205,3,-122.43386,37.745674,2388000.333
15210,4,-122.43382,37.748695,2625000
15219,3,-122.43377,37.7276,1295000
15245,3,-122.43368,37.736603,1588333.333
15250,3,-122.43368,37.74704,2273000
15259,4,-122.43364,37.758186,3938270.667
15271,4,-122.43357,37.756157,3219333.333
15274,3,-122.43356,37.744064,2698667
15300,3,-122.433464,37.744793,2411667
15303,3,-122.43346,37.744743,2411667
15312,3,-122.43344,37.72963,1260000
15326,3,-122.43339,37.716515,1170000
15342,3,-122.43336,37.71657,1170000
15346,3,-122.43336,37.788975,2993333.333
15351,2,-122.43334,37.75616,2058666.667
15362,4,-122.433304,37.742294,3515000
15364,2,-122.43329,37.725292,1253333.333
15365,4,-122.43329,37.725292,1313333.333
15372,4,-122.43326,37.748928,2625000
15383,4,-122.43323,37.72894,1576666.667
15395,3,-122.43319,37.800728,3366666.667
15397,3,-122.43318,37.730877,1451666.667
15407,5,-122.43315,37.78802,4850000
15434,3,-122.433044,37.711254,1115333.333
15469,4,-122.43292,37.7578,3938270.667
15488,2,-122.43287,37.757,1906666.667
15505,3,-122.43283,37.744915,2411667
15507,2,-122.43282,37.735016,1456666.667
15530,2,-122.43276,37.760765,2380170
15538,2,-122.43273,37.75058,2150000
15549,4,-122.43268,37.787605,3849333.333
15565,3,-122.432655,37.799763,3366666.667
15586,3,-122.4326,37.762634,2495000
15593,3,-122.432556,37.742535,2900000
15595,5,-122.43255,37.724827,1650000
15598,3,-122.43255,37.75856,2983333.333
15606,3,-122.4325,37.75059,2110000
15609,2,-122.432495,37.743343,1651296
15612,2,-122.432495,37.757446,1906666.667
15624,2,-122.43242,37.762657,2120170
15646,3,-122.432304,37.730965,1451666.667
15658,4,-122.43225,37.735996,2336863.333
15667,2,-122.43221,37.763535,2120170
15675,3,-122.432205,37.76345,2495000
15685,4,-122.43218,37.734577,2336863.333
15694,3,-122.43215,37.72105,960000
15699,4,-122.432144,37.754227,3552666.667
15702,5,-122.43214,37.7738,3625000
15710,4,-122.4321,37.740185,4073333.333
15723,2,-122.432045,37.72695,1035000
15732,3,-122.432,37.80088,3366666.667
15756,4,-122.43188,37.79586,4835666.667
15768,3,-122.43183,37.741806,2900000
15780,3,-122.4318,37.74258,2900000
15787,4,-122.43178,37.744217,3443333.333
15791,4,-122.431755,37.770267,2670000
15810,4,-122.43168,37.72597,1313333.333
15817,4,-122.431656,37.794846,5210000
15836,4,-122.4316,37.763363,3803333.333
15837,2,-122.431595,37.734707,1456666.667
15847,5,-122.43159,37.78822,4850000
15868,4,-122.43148,37.74737,4616666.667
15877,3,-122.431465,37.744995,2462000
15881,1,-122.43146,37.71885,858666.6667
15889,1,-122.43143,37.745,1553333.333
15895,2,-122.4314,37.718822,1090000
15901,3,-122.43138,37.722046,960000
15922,3,-122.4313,37.756283,3250000
15923,3,-122.43128,37.745293,2462000
15924,3,-122.43128,37.745293,2462000
15945,4,-122.43124,37.74489,3833333.333
15955,2,-122.431206,37.723717,1133333.333
15957,3,-122.431206,37.735813,1875000
15971,3,-122.431175,37.736443,1875000
15988,6,-122.43113,37.792248,4400000
15992,4,-122.43111,37.73311,1903530
16002,3,-122.431076,37.74311,2516666.667
16010,2,-122.43105,37.75872,2216666.667
16013,3,-122.43105,37.76112,2403333.333
16032,4,-122.430954,37.765186,2603333.333
16046,3,-122.43089,37.77437,2308333.333
16076,3,-122.43082,37.746674,2718666.667
16080,2,-122.43082,37.753094,1783333.333
16092,5,-122.43076,37.74073,6375000
16100,2,-122.43073,37.745857,1892962.667
16101,4,-122.43073,37.747482,4616666.667
16109,2,-122.430664,37.711723,1010666.667
16128,2,-122.43061,37.73591,1456666.667
16132,1,-122.43058,37.747482,1651666.667
16137,3,-122.43055,37.741848,2003333.333
16138,3,-122.43055,37.74508,2435333.333
16158,3,-122.43047,37.749912,2110000
16159,2,-122.430466,37.72183,1123333.333
16163,3,-122.43045,37.73329,1768333.333
16181,3,-122.43038,37.708782,1246666.667
16182,2,-122.43038,37.799656,2750000
16185,4,-122.43037,37.759064,4504937.333
16186,2,-122.43036,37.759003,2216666.667
16208,3,-122.4303,37.758327,3700000
16222,3,-122.43026,37.787945,2914500
16224,3,-122.43025,37.741867,1803333.333
16243,2,-122.43019,37.72506,994333.3333
16246,3,-122.43017,37.724594,1078666.667
16264,3,-122.43011,37.725166,1078666.667
16273,4,-122.43008,37.710773,1258333.333
16280,4,-122.43005,37.755817,2450000
16284,3,-122.43004,37.709198,1246666.667
16310,5,-122.42994,37.74752,4565000
16312,3,-122.42994,37.75797,3700000
16323,5,-122.42992,37.724007,1650000
16354,4,-122.42981,37.718384,1495000
16369,4,-122.42978,37.739883,3621666.667
16379,3,-122.42973,37.718025,1132666.667
16405,3,-122.42964,37.781776,1920333.333
16436,3,-122.42955,37.742714,1803333.333
16447,4,-122.42952,37.73152,1726666.667
16449,4,-122.42952,37.74674,3750000
16455,3,-122.42948,37.712215,990000
16467,4,-122.42945,37.72177,1460000
16470,4,-122.42944,37.72001,1495000
16488,4,-122.42941,37.72424,1153333.333
16501,3,-122.42938,37.726162,1118666.667
16503,3,-122.42938,37.73679,1740000
16508,3,-122.429375,37.748707,2210000
16512,5,-122.42937,37.739647,6826666.667
16530,3,-122.42933,37.748158,2145666.667
16532,4,-122.42931,37.70854,1258333.333
16536,3,-122.42929,37.7106,1110000
16539,3,-122.42929,37.75802,3700000
16544,2,-122.42927,37.709045,1010666.667
16548,2,-122.42925,37.74355,1620000
16557,2,-122.42924,37.74716,1924629.333
16573,3,-122.4292,37.770046,2828333.333
16574,2,-122.42919,37.711384,1010666.667
16592,3,-122.429146,37.710537,1110000
16610,5,-122.42906,37.757275,4221666.667
16625,2,-122.42902,37.7508,2016666.667
16627,3,-122.42902,37.75642,3466666.667
16631,3,-122.429016,37.740273,2020000
16636,3,-122.42899,37.725212,1118666.667
16637,4,-122.42899,37.8027,5124758.333
16664,2,-122.42888,37.721844,988333.3333
16677,3,-122.42884,37.729992,1340000
16681,4,-122.42883,37.75459,2450000
16689,5,-122.42882,37.7975,6950000
16703,2,-122.42878,37.716824,1081000
16716,4,-122.42874,37.734596,1558333.333
16735,4,-122.42867,37.734222,1276666.667
16745,3,-122.42865,37.717007,1132666.667
16746,3,-122.42864,37.71703,1132666.667
16781,3,-122.4285,37.71025,1110000
16783,2,-122.42849,37.71956,1067333.333
16794,3,-122.428474,37.73671,2081666.667
16810,3,-122.42839,37.709248,1245000
16827,4,-122.42833,37.747627,3750000
16856,3,-122.42813,37.7748,2308333.333
16866,5,-122.4281,37.73759,6826666.667
16870,3,-122.428085,37.729298,1340000
16882,2,-122.42804,37.71723,1081000
16884,4,-122.42804,37.754875,2450000
16888,4,-122.428024,37.74522,3919216.667
16906,4,-122.42794,37.733524,1276666.667
16911,2,-122.42791,37.717987,1023333.333
16917,4,-122.42787,37.720947,1460000
16923,3,-122.42786,37.775295,2308333.333
16945,4,-122.427795,37.742832,3426790
16951,2,-122.42778,37.7254,857666.6667
16978,2,-122.42771,37.736317,1455000
16981,4,-122.42771,37.80286,5516666.667
16985,3,-122.427704,37.7401,2391666.667
16996,1,-122.42766,37.739365,1061710
17015,3,-122.427605,37.749275,2145666.667
17016,4,-122.4276,37.73494,1558333.333
17038,3,-122.4275,37.724358,941000
17049,3,-122.42746,37.72542,941000
17065,2,-122.42739,37.717228,1023333.333
17066,4,-122.42739,37.717228,1495000
17068,2,-122.42739,37.763767,2050187
17080,3,-122.427315,37.72535,941000
17093,3,-122.42729,37.7503,2115666.667
17113,3,-122.42715,37.737587,2000000
17127,2,-122.42707,37.73008,1076666.667
17143,3,-122.426956,37.723064,1083666.667
17162,1,-122.426895,37.774,1316666.667
17178,4,-122.42682,37.729362,1466666.667
17194,2,-122.42679,37.74501,1765000
17202,3,-122.42678,37.800034,3366666.667
17205,3,-122.426765,37.73693,2000000
17217,2,-122.42672,37.740723,1843333.333
17235,2,-122.42667,37.7208,963333.3333
17269,2,-122.426544,37.724983,857666.6667
17279,2,-122.42651,37.72862,1076666.667
17307,6,-122.42637,37.795353,4400000
17322,2,-122.42629,37.739746,1855000
17327,3,-122.42627,37.72274,1189666.667
17331,2,-122.42622,37.723167,984333.3333
17334,4,-122.42622,37.749363,3050000
17362,2,-122.42609,37.734478,1248333.333
17372,2,-122.426025,37.724735,1001666.667
17388,3,-122.425964,37.732662,1396760
17393,3,-122.42595,37.734375,1388333.333
17395,3,-122.42595,37.73439,1388333.333
17397,4,-122.42594,37.767067,2333333.333
17399,3,-122.42593,37.72785,1461666.667
17421,2,-122.42578,37.74179,1843333.333
17424,3,-122.42577,37.750183,2115666.667
17428,3,-122.425735,37.735344,1388333.333
17429,4,-122.425735,37.74147,2744240
17434,3,-122.4257,37.71086,1136666.667
17437,3,-122.42569,37.77748,1941666.667
17440,3,-122.425674,37.7903,2914500
17452,2,-122.42561,37.73955,1784000
17461,3,-122.42556,37.721096,1189666.667
17485,3,-122.42544,37.729424,1390000
17508,2,-122.425285,37.72586,925000
17520,2,-122.42522,37.732716,1295000
17525,5,-122.4252,37.773724,3583333.333
17539,2,-122.4251,37.738564,1569000
17540,3,-122.4251,37.751972,2083333.333
17543,2,-122.42508,37.738605,1569000
17545,2,-122.42507,37.750164,2066666.667
17590,2,-122.424835,37.72945,835000
17592,4,-122.42482,37.723583,1550666.667
17596,2,-122.4248,37.747204,1998333.333
17598,4,-122.4248,37.74723,3350000
17606,4,-122.424736,37.772827,2453333.333
17608,3,-122.42472,37.748158,1855000
17609,2,-122.424706,37.72371,984333.3333
17625,3,-122.42453,37.747856,1855000
17638,2,-122.424446,37.733536,1295000
17657,3,-122.424355,37.73213,1635093.333
17660,2,-122.42433,37.73093,858333.3333
17662,3,-122.42431,37.73505,1379000
17665,2,-122.424255,37.725773,925000
17669,3,-122.42422,37.74114,2000000
17706,2,-122.42393,37.73903,1569000
17724,3,-122.42384,37.723793,1151000
17725,3,-122.42384,37.724964,1151000
17732,3,-122.4238,37.72578,1226000
17734,3,-122.42378,37.726418,1226000
17743,4,-122.42375,37.735287,2015000
17745,2,-122.42374,37.727894,1067000
17763,2,-122.42354,37.729538,972000
17774,2,-122.42343,37.728783,972000
17780,4,-122.4234,37.743088,2157573.333
17798,3,-122.42326,37.75546,3003333.333
17805,2,-122.42314,37.73295,1437333.333
17824,4,-122.42301,37.726997,1691000
17841,2,-122.422905,37.72925,972000
17848,3,-122.42288,37.735226,1691666.667
17852,3,-122.422844,37.73662,1611666.667
17855,2,-122.42282,37.734337,1437333.333
17892,4,-122.42253,37.74892,3350000
17907,4,-122.42247,37.73397,1815000
17916,3,-122.422424,37.728035,1228666.667
17929,3,-122.422325,37.733616,1926000
17943,2,-122.42222,37.802277,2725000
17947,3,-122.42217,37.734898,1691666.667
17956,3,-122.422134,37.73498,1691666.667
17960,4,-122.422104,37.724808,1691000
17981,2,-122.422,37.72722,1211666.667
17991,3,-122.42193,37.736576,1611666.667
17999,3,-122.42186,37.72818,1228666.667
18002,2,-122.42186,37.753635,2168333.333
18017,4,-122.421745,37.726574,1691000
18018,3,-122.421745,37.726616,1298666.667
18019,2,-122.421745,37.73058,991666.6667
18036,5,-122.421585,37.80555,5365000
18037,3,-122.42158,37.735844,1537333.333
18038,4,-122.42158,37.740032,1904333.333
18047,3,-122.421524,37.7293,1228666.667
18048,4,-122.421524,37.7293,1513666.667
18059,3,-122.42141,37.710224,858333.3333
18070,2,-122.42131,37.73991,1587000
18089,2,-122.42116,37.72932,1035366.333
18102,1,-122.42108,37.735107,1006710
18103,2,-122.421074,37.727592,1241666.667
18121,2,-122.42097,37.730713,991666.6667
18124,3,-122.42095,37.724697,1283333.333
18139,3,-122.420654,37.709152,858333.3333
18176,2,-122.42034,37.72846,1160366.333
18190,2,-122.42018,37.730946,991666.6667
18196,2,-122.42007,37.735058,1296666.667
18201,2,-122.419945,37.74164,1588333.333
18210,3,-122.41989,37.73576,1467333.333
18226,3,-122.41978,37.740746,1583333.333
18249,4,-122.41963,37.734646,1936666.667
18260,3,-122.419556,37.79531,3619958.333
18299,4,-122.419266,37.74329,2816666.667
18304,3,-122.419205,37.735012,1540000
18320,2,-122.41914,37.74063,1658333.333
18345,3,-122.41896,37.744892,1685333.333
18351,3,-122.41893,37.802418,4081625
18363,3,-122.41886,37.736996,1693333.333
18381,3,-122.418755,37.740147,1883333.333
18393,5,-122.41873,37.73484,1765000
18395,3,-122.41873,37.79768,3619958.333
18398,2,-122.41872,37.73787,1575000
18401,4,-122.41871,37.80307,4572333.333
18403,4,-122.4187,37.73787,2191666.667
18414,3,-122.41865,37.74032,1883333.333
18415,3,-122.41863,37.724358,1191666.667
18423,2,-122.4186,37.740383,1658333.333
18427,3,-122.41857,37.740456,1883333.333
18442,3,-122.41848,37.734966,1540000
18445,3,-122.41846,37.73111,1161666.667
18467,4,-122.41835,37.804146,4572333.333
18471,3,-122.41831,37.726185,1094666.667
18485,3,-122.41824,37.740887,1608333.333
18486,3,-122.41824,37.741932,1866666.667
18487,3,-122.41824,37.74417,1685333.333
18492,2,-122.4182,37.733864,1071000
18494,4,-122.41819,37.740963,3066666.667
18514,4,-122.41805,37.802597,4572333.333
18515,3,-122.418045,37.734955,1540000
18532,2,-122.41799,37.740227,1641666.667
18552,4,-122.41792,37.74137,3066666.667
18578,2,-122.4178,37.743725,1451666.667
18579,3,-122.41779,37.726578,1074333.333
18589,2,-122.417755,37.7438,1451666.667
18594,4,-122.41774,37.74279,2816666.667
18602,3,-122.417694,37.728916,1161666.667
18619,2,-122.41765,37.740433,1406666.667
18631,3,-122.41757,37.733883,1570000
18633,3,-122.41757,37.74409,1985333.333
18636,4,-122.417564,37.74522,3788000
18637,3,-122.41755,37.730286,1161666.667
18670,2,-122.41739,37.804195,2225000
18672,4,-122.417366,37.726555,1240166.667
18707,5,-122.41712,37.737057,1765000
18723,2,-122.41704,37.740223,1406666.667
18741,3,-122.41695,37.74394,2117000
18744,3,-122.41691,37.73404,1070000
18762,2,-122.41679,37.744183,1412666.667
18765,5,-122.41678,37.724174,1446666.667
18771,3,-122.41675,37.735783,1350000
18773,4,-122.41674,37.74728,2938333.333
18786,2,-122.41664,37.709877,710666.6667
18790,3,-122.41658,37.744526,2117000
18809,2,-122.416466,37.746487,1626666.667
18814,3,-122.41645,37.73993,1566666.667
18824,2,-122.41638,37.744812,1412666.667
18830,2,-122.41637,37.741028,1354666.667
18861,4,-122.41621,37.73442,1996666.667
18877,3,-122.41612,37.73486,1036666.667
18884,2,-122.416084,37.735905,1195000
18885,3,-122.41607,37.723454,1369000
18892,2,-122.416016,37.796196,2225000
18919,3,-122.41592,37.737724,1921666.667
18942,5,-122.41581,37.72904,1446666.667
18944,3,-122.4158,37.72607,1257666.667
18957,4,-122.41571,37.744926,3171333.333
18960,4,-122.4157,37.74498,3171333.333
18967,2,-122.415665,37.730305,982333.3333
18978,2,-122.4156,37.712795,810666.6667
18991,2,-122.41555,37.730076,982333.3333
18995,3,-122.4155,37.750813,1916333.333
18998,3,-122.41547,37.735687,1520000
19006,3,-122.41541,37.736298,1920000
19007,4,-122.415405,37.727077,1240166.667
19019,3,-122.415375,37.7133,913333.3333
19025,4,-122.415344,37.73706,2105000
19029,2,-122.41533,37.737385,1261916.667
19030,2,-122.41532,37.747402,1626666.667
19032,4,-122.41531,37.737488,2191666.667
19035,3,-122.415306,37.797386,3843336
19039,3,-122.41528,37.726208,1438000
19043,3,-122.41528,37.737724,1921666.667
19051,3,-122.41525,37.71469,947666.6667
19057,2,-122.41523,37.73832,1410000
19070,2,-122.41519,37.740208,1471333.333
19079,3,-122.415115,37.74111,1816666.667
19080,2,-122.415115,37.74111,1594666.667
19096,3,-122.41507,37.751488,2204666.667
19100,3,-122.41506,37.741776,1753333.333
19124,2,-122.41494,37.714603,810666.6667
19137,6,-122.41489,37.747852,1771666.667
19141,2,-122.41487,37.724926,1178333.333
19151,2,-122.41484,37.73573,1195000
19178,3,-122.4147,37.71252,913333.3333
19180,1,-122.4147,37.737263,1021710
19190,3,-122.41466,37.737816,1791666.667
19196,4,-122.41463,37.70898,781933.3333
19199,3,-122.41462,37.72782,1438000
19216,3,-122.41455,37.79785,3843336
19223,3,-122.41449,37.756702,2571666.667
19230,3,-122.41447,37.71304,846666.6667
19233,3,-122.41446,37.74129,1766666.667
19235,3,-122.41446,37.74131,1766666.667
19236,4,-122.41446,37.74729,2321666.667
19238,5,-122.41445,37.708565,1072666.667
19244,2,-122.41443,37.741848,1574666.667
19246,3,-122.41442,37.731037,1139766.667
19260,3,-122.41436,37.734283,1162333.333
19273,2,-122.414246,37.735615,1113583.333
19281,4,-122.41422,37.74552,3171333.333
19288,3,-122.41421,37.795647,3843336
19324,3,-122.41409,37.711384,846666.6667
19351,2,-122.413956,37.739838,1497500
19369,4,-122.41385,37.7113,826666.6667
19374,3,-122.41383,37.74132,1766666.667
19379,4,-122.4138,37.72849,1364000
19390,3,-122.413734,37.734142,1462333.333
19391,2,-122.413734,37.73419,1211666.667
19402,2,-122.41367,37.714806,810666.6667
19404,3,-122.41364,37.714874,881000
19419,5,-122.413605,37.730892,1496666.667
19435,3,-122.41351,37.713013,840000
19436,3,-122.41351,37.713013,840000
19442,2,-122.4135,37.736755,991916.6667
19452,3,-122.41348,37.736977,1740000
19459,2,-122.413445,37.751835,1308333.333
19460,3,-122.41344,37.737576,1740000
19487,2,-122.41334,37.75628,1601666.667
19517,3,-122.41325,37.74083,1391666.667
19529,4,-122.413216,37.71045,826666.6667
19557,3,-122.412994,37.735447,1409000
19573,3,-122.41285,37.731518,1022500
19586,4,-122.41276,37.79904,3652333.333
19606,3,-122.412674,37.740456,1491666.667
19608,3,-122.41266,37.739174,1658333.333
19609,3,-122.41265,37.740738,1391666.667
19612,2,-122.41263,37.74084,1504166.667
19613,4,-122.41262,37.712486,906666.6667
19616,1,-122.41259,37.71251,585000
19627,4,-122.412445,37.752445,2323333.333
19636,2,-122.412384,37.74508,1511667
19639,3,-122.41237,37.745068,1632000
19669,3,-122.4122,37.731697,1022500
19688,4,-122.41211,37.71127,938333.3333
19691,3,-122.412094,37.728085,1478333.333
19701,4,-122.41207,37.73874,2413466.667
19703,3,-122.41207,37.73889,1558333.333
19713,3,-122.41203,37.744232,1938666.667
19717,3,-122.41202,37.740707,1491666.667
19721,2,-122.41201,37.74095,1504166.667
19723,4,-122.412,37.739494,2081333.333
19730,3,-122.41196,37.79978,4215000
19755,4,-122.41174,37.73115,1224000
19765,3,-122.411674,37.736244,1475000
19771,2,-122.41166,37.73657,1333333.333
19783,3,-122.41158,37.731873,1022500
19785,2,-122.41158,37.737408,1333333.333
19792,2,-122.41157,37.746555,1511667
19807,1,-122.4115,37.73834,1021710
19809,3,-122.41148,37.745655,2031666.667
19823,2,-122.41142,37.739033,1350000
19833,2,-122.41139,37.754276,1441666.667
19865,3,-122.41125,37.74109,1491666.667
19870,4,-122.4112,37.73016,1224000
19877,3,-122.41116,37.7548,2130000
19885,3,-122.41109,37.721935,1116666.667
19901,3,-122.41101,37.749477,1856666.667
19914,3,-122.41095,37.737343,1426666.667
19919,4,-122.41093,37.760162,3337333.333
19923,3,-122.41092,37.74429,1938666.667
19953,3,-122.410706,37.739796,1551000
19964,2,-122.41064,37.74917,1320000
19968,4,-122.4106,37.7466,1866666.667
19970,3,-122.4106,37.755924,2130000
19974,5,-122.41059,37.75814,3233000
19976,2,-122.41058,37.758057,1630000
19980,2,-122.41053,37.74585,1511667
20012,4,-122.41044,37.740475,1686333.333
20030,3,-122.41038,37.730984,995833.3333
20035,3,-122.41036,37.751125,1965000
20045,2,-122.41032,37.7375,1425000
20049,4,-122.41031,37.73754,2160466.667
20056,3,-122.4103,37.755264,2130000
20061,3,-122.410286,37.73794,1426666.667
20065,4,-122.41028,37.755047,2323333.333
20069,2,-122.410255,37.719975,946633.3333
20081,2,-122.41022,37.738693,1316666.667
20099,4,-122.410164,37.719296,1171666.667
20110,5,-122.41013,37.753387,2536666.667
20116,4,-122.410065,37.739758,1686333.333
20160,3,-122.40978,37.72069,1116666.667
20170,3,-122.40973,37.7373,1426666.667
20182,3,-122.40963,37.748108,1610000
20204,3,-122.40956,37.740505,1621666.667
20208,3,-122.40954,37.739304,1301000
20209,3,-122.40954,37.74096,1538333.333
20221,2,-122.40947,37.715397,726666.6667
20228,3,-122.40945,37.74181,1346666.667
20235,2,-122.40941,37.742367,1419855.667
20277,3,-122.40923,37.710804,899333.3333
20283,2,-122.40921,37.730633,1035666.667
20306,3,-122.40906,37.716034,875000
20310,2,-122.409004,37.76035,1630000
20328,3,-122.40895,37.73902,1384333.333
20338,3,-122.408905,37.724606,1231666.667
20347,3,-122.40883,37.741768,1346666.667
20363,2,-122.40877,37.726868,1196333.333
20381,3,-122.40865,37.744102,1517000
20401,5,-122.40847,37.712494,1111000
20407,3,-122.40843,37.7136,1034333.333
20437,2,-122.40827,37.74354,1253189
20444,3,-122.40826,37.74453,1573666.667
20458,2,-122.40822,37.759293,1630000
20465,3,-122.40818,37.72285,1231666.667
20469,3,-122.40817,37.74365,1567000
20477,5,-122.40816,37.74225,1836666.667
20483,3,-122.40814,37.74367,1567000
20485,4,-122.40814,37.752453,2323333.333
20511,4,-122.40805,37.74447,2015000
20521,3,-122.408005,37.75088,2006666.667
20523,3,-122.408,37.745956,1945185
20538,3,-122.40793,37.75006,2006666.667
20561,3,-122.40779,37.72453,1231666.667
20563,2,-122.407776,37.714928,726666.6667
20564,2,-122.40776,37.727085,1196333.333
20577,3,-122.4077,37.74461,1573666.667
20583,5,-122.407684,37.75692,3233000
20588,6,-122.40767,37.75692,1771666.667
20591,3,-122.40765,37.791264,3271669.333
20613,4,-122.40755,37.802563,3986666.667
20643,2,-122.40734,37.71556,680000
20644,3,-122.40734,37.715572,887333.3333
20650,2,-122.40731,37.728,1196333.333
20656,5,-122.40728,37.760643,3233000
20657,4,-122.40727,37.722725,1227322
20677,3,-122.40719,37.71079,913333.3333
20683,3,-122.40711,37.729385,1228333.333
20719,3,-122.406906,37.71694,875000
20737,5,-122.40683,37.714676,1111000
20752,2,-122.4067,37.71911,833300
20767,3,-122.406586,37.71431,1121666.667
20777,2,-122.40655,37.747288,1284333.333
20798,4,-122.40643,37.74722,1848333.333
20816,3,-122.406334,37.73284,1228333.333
20817,4,-122.406334,37.804585,3986666.667
20835,2,-122.40617,37.716755,853333.3333
20836,1,-122.40614,37.717506,642666.6667
20837,3,-122.40613,37.713722,1121666.667
20849,2,-122.40605,37.744595,1345855.667
20900,2,-122.40581,37.709507,876666.6667
20903,2,-122.4058,37.719093,958300
20907,3,-122.40579,37.74508,1235000
20910,3,-122.40578,37.70953,913333.3333
20920,3,-122.405716,37.71355,1121666.667
20940,3,-122.405495,37.74524,1235000
20962,4,-122.40535,37.74655,1848333.333
20964,3,-122.40533,37.74591,1235000
20974,2,-122.4053,37.72906,1129000
21002,4,-122.405136,37.800396,3986666.667
21007,3,-122.40506,37.760468,3023333.333
21012,3,-122.40504,37.714863,1008333.333
21013,3,-122.40502,37.74825,1378333.333
21018,2,-122.40499,37.71328,803333.3333
21026,5,-122.40495,37.72557,1229629.333
21054,2,-122.404755,37.7573,1599995
21058,2,-122.40474,37.75709,1311661.667
21059,3,-122.40473,37.719864,1095000
21089,5,-122.40446,37.73308,1069629.333
21104,2,-122.40439,37.724255,975666.6667
21108,3,-122.40436,37.723457,1128333.333
21115,1,-122.40431,37.718338,642666.6667
21126,4,-122.40421,37.761616,3980962.667
21132,3,-122.404175,37.713722,1106666.667
21144,2,-122.404106,37.760624,1636333.333
21146,2,-122.40407,37.716106,875000
21179,2,-122.40384,37.712833,976666.6667
21183,2,-122.403824,37.73439,1000000
21186,3,-122.4038,37.72027,1095000
21191,3,-122.40377,37.722275,1096666.667
21194,3,-122.40375,37.720093,1095000
21201,2,-122.403725,37.719616,933300
21239,3,-122.40349,37.764263,2615000
21250,2,-122.40344,37.80164,1725000
21286,5,-122.40324,37.716576,1111000
21320,5,-122.40307,37.73075,1069629.333
21341,4,-122.4029,37.718037,1144988.667
21355,2,-122.402824,37.71785,1000000
21358,3,-122.40281,37.735653,1000000
21371,4,-122.40273,37.720272,1144988.667
21398,4,-122.40238,37.713024,1216666.667
21408,3,-122.40232,37.719273,1056666.667
21414,4,-122.4023,37.730034,1100000
21433,2,-122.402214,37.750954,1185250
21434,2,-122.40221,37.761074,1803333.333
21453,3,-122.40203,37.75927,2625000
21457,4,-122.40199,37.758877,2424296
21460,2,-122.401985,37.733204,1075000
21475,2,-122.401855,37.72082,891666.6667
21482,4,-122.401794,37.756767,2483333.333
21516,2,-122.40165,37.72968,974000
21517,4,-122.40164,37.7203,1144988.667
21518,3,-122.40164,37.730606,1146666.667
21542,2,-122.40146,37.780193,2240000
21548,5,-122.40142,37.752666,2310000
21589,2,-122.40117,37.728462,941666.6667
21593,3,-122.40116,37.760693,2625000
21623,2,-122.40093,37.73425,1050000
21626,3,-122.40088,37.733173,1083333.333
21637,3,-122.40082,37.75672,1833333.333
21640,2,-122.4008,37.715603,958333.3333
21642,3,-122.4008,37.754623,1775000
21666,3,-122.40065,37.754944,1775000
21667,2,-122.40064,37.73196,1058333.333
21668,1,-122.40062,37.71645,642666.6667
21675,2,-122.40057,37.75206,1101666.667
21676,3,-122.40057,37.754128,1775000
21689,2,-122.40045,37.73751,1008333.333
21695,5,-122.40036,37.731613,1069629.333
21716,3,-122.40007,37.710808,1083500
21727,3,-122.399994,37.758354,1833333.333
21729,4,-122.39996,37.75695,2911666.667
21731,3,-122.39995,37.756817,1833333.333
21754,1,-122.39969,37.722008,688333.3333
21767,3,-122.39963,37.72212,936666.6667
21789,3,-122.39935,37.713665,1158333.333
21793,3,-122.39934,37.75231,1460000
21811,2,-122.39914,37.759518,1681666.667
21815,2,-122.3991,37.733173,1000000
21824,4,-122.39906,37.7585,2553333.333
21830,4,-122.39903,37.758198,2553333.333
21850,2,-122.398926,37.751316,1101666.667
21853,2,-122.398895,37.75182,1101666.667
21873,3,-122.398766,37.733463,1086666.667
21888,2,-122.398674,37.712624,871000
21920,1,-122.39842,37.762165,1367106.333
21924,3,-122.39839,37.73269,988333.3333
21931,3,-122.39836,37.734173,912333.3333
21935,3,-122.398315,37.7318,1135000
21936,2,-122.398315,37.734554,986666.6667
21942,2,-122.39827,37.735935,966666.6667
21950,3,-122.39819,37.72678,1261666.667
21954,3,-122.39813,37.711605,1050166.667
21957,3,-122.398094,37.721767,936666.6667
21981,3,-122.39795,37.730537,1135000
22016,3,-122.397606,37.73387,912333.3333
22018,2,-122.3976,37.73325,917000
22019,4,-122.39759,37.727776,1100000
22027,4,-122.397514,37.71073,1216666.667
22039,2,-122.397446,37.762093,1740833.333
22057,4,-122.397316,37.73242,1116666.667
22062,3,-122.397285,37.711372,1050166.667
22063,2,-122.39728,37.73137,952666.6667
22085,3,-122.39713,37.721268,936666.6667
22095,3,-122.39708,37.71192,1050166.667
22101,3,-122.39704,37.75775,2016666.667
22115,2,-122.396904,37.731083,887666.6667
22118,5,-122.39689,37.737366,1048962.667
22121,3,-122.39682,37.73734,1053333.333
22154,3,-122.396416,37.71115,921833.3333
22155,2,-122.39641,37.733498,892000
22163,3,-122.39638,37.76096,2286666.667
22239,4,-122.395424,37.72051,991666.6667
22242,4,-122.39542,37.76106,2661666.667
22279,2,-122.394966,37.720085,857333.3333
22284,3,-122.39491,37.734196,1031666.667
22292,4,-122.39483,37.73276,1010000
22299,4,-122.39468,37.760128,2661666.667
22336,2,-122.3943,37.759537,1534166.667
22340,2,-122.39429,37.759407,1534166.667
22344,1,-122.39425,37.71888,734666.6667
22352,2,-122.39423,37.73062,851000
22377,3,-122.393875,37.721493,1033333.333
22386,2,-122.39374,37.71955,857333.3333
22403,3,-122.3935,37.72035,1161666.667
22407,3,-122.39346,37.729954,1008333.333
22419,2,-122.39331,37.73263,861666.6667
22424,3,-122.39329,37.733444,1031666.667
22425,3,-122.39328,37.721905,1033333.333
22426,3,-122.39328,37.721905,1033333.333
22429,5,-122.39325,37.72194,1116666.667
22441,4,-122.39309,37.719,991666.6667
22455,3,-122.39292,37.737015,963000
22458,4,-122.39286,37.719986,991666.6667
22467,3,-122.3927,37.73311,1031666.667
22499,2,-122.39231,37.732876,916666.6667
22501,2,-122.392296,37.737595,846666.6667
22503,2,-122.39225,37.727184,813333.3333
22517,4,-122.39201,37.734615,1076666.667
22521,4,-122.39195,37.73552,1076666.667
22554,2,-122.39154,37.73014,811000
22557,3,-122.39153,37.738125,999866.6667
22577,1,-122.39138,37.719147,734666.6667
22581,2,-122.39134,37.730366,811000
22587,3,-122.39126,37.717915,1248333.333
22629,2,-122.39077,37.73768,846666.6667
22649,2,-122.390465,37.718636,844966.6667
22650,2,-122.390465,37.72995,811000
22696,2,-122.389984,37.732513,928333.3333
22703,4,-122.389885,37.729626,1160000
22738,2,-122.38944,37.71677,844966.6667
22740,2,-122.38943,37.71896,844966.6667
22741,4,-122.38943,37.727478,1043333.333
22814,3,-122.38867,37.714775,1248333.333
22823,3,-122.38857,37.729828,1258333.333
22825,3,-122.38854,37.72792,1014333.333
22834,2,-122.3885,37.73262,943333.3333
22872,3,-122.38807,37.729527,1306000
22873,6,-122.388054,37.732357,1771666.667
22913,2,-122.387726,37.73785,880000
22926,4,-122.387634,37.737606,1168333.333
22930,3,-122.38763,37.730236,1258333.333
22931,2,-122.38762,37.729275,791666.6667
22938,2,-122.387535,37.73017,833333.3333
22945,3,-122.38749,37.729202,1164333.333
22946,5,-122.38748,37.732956,1083962.667
22948,4,-122.38744,37.7339,1061666.667
22960,3,-122.38721,37.728104,1014333.333
23011,2,-122.38651,37.732414,828333.3333
23012,3,-122.38649,37.738018,980200
23021,2,-122.38637,37.72763,806000
23041,2,-122.38618,37.737988,1005000
23056,3,-122.38598,37.739456,980200
23057,3,-122.38597,37.73574,949533.3333
23059,3,-122.385925,37.72738,1067666.667
23067,3,-122.38572,37.731045,977000
23073,3,-122.38556,37.733196,1055333.333
23111,2,-122.38458,37.727562,806000
23113,2,-122.38457,37.737946,996666.6667
23136,2,-122.38404,37.727245,806000
23138,3,-122.38404,37.729065,808333.3333
23154,3,-122.38356,37.72697,908500
23161,3,-122.38315,37.729588,808333.3333
23167,3,-122.38307,37.73449,986000
23183,3,-122.382835,37.729397,761000
23187,3,-122.38276,37.728405,731833.3333
23189,2,-122.382706,37.737617,975000
23194,2,-122.382576,37.737553,975000
23195,3,-122.38257,37.728294,731833.3333
23214,3,-122.38196,37.732735,986000
23218,3,-122.381805,37.728416,731833.3333
23294,3,-122.450376,37.7135935,1075000
23334,3,-122.4433406,37.74355863,1712333.333
23335,3,-122.4433406,37.74355863,1712333.333
23336,4,-122.4433406,37.74355863,2573333.333
23345,4,-122.4669103,37.7401748,2350666.667
23385,5,-122.43089,37.77437,3583333.333
23396,3,-122.450376,37.7135935,1075000
23431,4,-122.4575215,37.737175,2265000
23477,2,-122.4501158,37.73890253,1233500
23479,2,-122.4553551,37.73353377,1570000
23487,2,-122.4501158,37.73890253,1233500
23492,3,-122.4553551,37.73353377,1454333.333
23493,3,-122.4553551,37.73353377,1454333.333
23494,3,-122.4553551,37.73353377,1454333.333
23503,5,-122.4553551,37.73353377,3011666.667
23504,4,-122.4553551,37.73353377,2635333.333
23516,3,-122.4501158,37.73890253,1676666.667
23525,3,-122.4501158,37.73890253,1676666.667
23537,3,-122.4572912,37.7287605,1796666.667
23564,2,-122.4574841,37.755051,1230000
23569,4,-122.4574841,37.755051,2340029.333
23570,6,-122.4574841,37.755051,2550083
23571,4,-122.4574841,37.755051,2340029.333
23580,3,-122.4696925,37.75021008,1820000
23589,3,-122.4157138,37.73964849,1566666.667
23632,5,-122.4638373,37.74714209,2671000
23657,3,-122.4658217,37.7147436,847666.6667
23660,2,-122.4658217,37.7147436,935333.3333
23672,5,-122.4157138,37.73964849,1765000
23678,4,-122.4488427,37.7583625,3138333.333
23700,4,-122.3998595,37.75777667,2911666.667